date,open,high,low,close,adj_close,volume,dividend
2020-01-02,30.41,30.91,29.88,30.4,30.4,4371697,0.0
2020-01-03,30.47,30.6,29.72,30.16,30.16,2926891,0.0
2020-01-06,30.12,30.12,29.28,29.33,29.33,3262898,0.0
2020-01-07,29.25,30.28,29.25,30.13,30.13,680514,0.0
2020-01-08,30.05,30.59,29.79,30.19,30.19,4196444,0.0
2020-01-09,30.32,30.32,29.5,29.87,29.87,1966659,0.0
2020-01-10,29.89,30.29,29.23,29.76,29.76,2824165,0.0
2020-01-13,29.72,29.72,28.74,29.04,29.04,229723,0.0
2020-01-14,29.1,29.89,29.1,29.63,29.63,987391,0.0
2020-01-15,29.7,29.7,29.57,29.63,29.63,1175996,0.0
2020-01-16,29.61,30.91,28.64,29.78,29.78,3577026,0.0
2020-01-17,29.81,30.42,29.24,29.83,29.83,3646892,0.0
2020-01-20,29.74,30.33,29.74,30.26,30.26,623317,0.0
2020-01-21,30.38,30.38,30.21,30.27,30.27,1910346,0.0
2020-01-22,30.29,30.29,29.54,29.72,29.72,403912,0.0
2020-01-23,29.67,29.89,29.53,29.71,29.71,2491913,0.0
2020-01-24,29.62,29.62,29.14,29.36,29.36,2167383,0.0
2020-01-27,29.43,29.43,28.81,28.91,28.91,3401172,0.0
2020-01-28,28.91,28.91,28.63,28.65,28.65,3743535,0.0
2020-01-29,28.64,29.71,28.36,29.03,29.03,229590,0.0
2020-01-30,29.04,29.39,29.04,29.34,29.34,4767080,0.0
2020-01-31,29.27,29.8,29.27,29.66,29.66,4035273,0.0
2020-02-03,29.64,29.64,29.23,29.29,29.29,3138196,0.0
2020-02-04,29.32,29.62,28.79,29.21,29.21,2879527,0.0
2020-02-05,29.16,29.66,29.07,29.36,29.36,914287,0.0
2020-02-06,29.4,29.4,28.17,28.66,28.66,3014140,0.0
2020-02-07,28.58,29.89,28.58,29.56,29.56,3087324,0.0
2020-02-10,29.52,29.74,29.27,29.5,29.5,3423019,0.0
2020-02-11,29.5,29.5,28.69,28.97,28.97,1291888,0.0
2020-02-12,28.89,29.8,28.89,29.62,29.62,237895,0.0
2020-02-13,29.64,30.49,29.3,29.89,29.89,2767674,0.0
2020-02-14,30.01,30.06,29.93,29.99,29.99,2468484,0.0
2020-02-17,30.01,30.01,29.84,29.86,29.86,1198046,0.0
2020-02-18,29.91,29.91,29.57,29.61,29.61,1491920,0.0
2020-02-19,29.61,29.74,28.43,29.08,29.08,2374249,0.0
2020-02-20,29.09,29.62,29.09,29.5,29.5,654364,0.0
2020-02-21,29.54,29.54,29.15,29.31,29.31,817595,0.0
2020-02-24,29.2,29.2,28.66,28.86,28.86,832693,0.0
2020-02-25,28.84,29.6,27.65,28.63,28.63,4326044,0.0
2020-02-26,28.63,28.9,28.2,28.55,28.55,3937117,0.0
2020-02-27,28.51,28.58,28.2,28.39,28.39,3420767,0.0
2020-02-28,28.44,28.65,28.44,28.63,28.63,4580264,0.0
2020-03-02,28.64,29.62,28.61,29.12,29.12,4978799,0.0
2020-03-03,29.13,29.13,28.53,28.63,28.63,2069897,0.0
2020-03-04,28.6,28.7,28.49,28.6,28.6,885603,0.0
2020-03-05,28.61,28.61,27.52,27.74,27.74,3207383,0.0
2020-03-06,27.74,27.74,27.02,27.37,27.37,2906522,0.0
2020-03-09,27.32,27.32,27.14,27.14,27.14,4308324,0.0
2020-03-10,27.2,28.01,27.13,27.57,27.57,3048705,0.0
2020-03-11,27.59,27.81,27.01,27.41,27.41,1949025,0.0
2020-03-12,27.33,27.44,27.33,27.42,27.42,4878155,0.0
2020-03-13,27.38,27.41,27.38,27.4,27.4,1101037,0.0
2020-03-16,27.43,27.44,27.12,27.28,27.28,1757331,0.0
2020-03-17,27.26,27.78,27.24,27.51,27.51,1919104,0.0
2020-03-18,27.54,28.2,27.19,27.7,27.7,2500042,0.0
2020-03-19,27.68,27.68,27.41,27.45,27.45,4940711,0.0
2020-03-20,27.48,28.09,27.48,27.89,27.89,754367,0.0
2020-03-23,27.96,28.14,27.53,27.84,27.84,2543198,0.0
2020-03-24,27.92,27.92,27.34,27.54,27.54,3269466,0.0
2020-03-25,27.43,27.43,26.98,27.0,27.0,2826979,0.0
2020-03-26,27.05,27.05,26.47,26.55,26.55,987842,0.0
2020-03-27,26.54,26.54,26.02,26.24,26.24,1929504,0.0
2020-03-30,26.24,26.36,26.09,26.22,26.22,3935720,0.0
2020-03-31,26.28,27.14,26.28,26.89,26.89,3283418,0.0
2020-04-01,26.89,27.58,26.89,27.31,27.31,4134351,0.0
2020-04-02,27.27,27.27,26.43,26.7,26.7,540114,0.0
2020-04-03,26.73,26.73,26.28,26.38,26.38,1747934,0.0
2020-04-06,26.45,26.48,25.99,26.24,26.24,1352290,0.0
2020-04-07,26.31,26.31,25.23,25.29,25.29,4047025,0.0
2020-04-08,25.25,25.25,25.02,25.04,25.04,3931321,0.0
2020-04-09,25.05,25.05,24.09,24.39,24.39,2763200,0.0
2020-04-10,24.43,24.83,24.36,24.6,24.6,357716,0.0
2020-04-13,24.6,24.84,24.46,24.65,24.65,2929156,0.0
2020-04-14,24.66,24.66,24.23,24.32,24.32,4397991,0.0
2020-04-15,24.28,25.19,24.28,24.88,24.88,1936056,0.0
2020-04-16,24.84,25.83,24.84,25.41,25.41,3136878,0.0
2020-04-17,25.44,25.44,25.05,25.12,25.12,3487036,0.0
2020-04-20,25.17,25.91,25.17,25.83,25.83,3531833,0.0
2020-04-21,25.78,26.47,25.78,26.46,26.46,2840080,0.0
2020-04-22,26.45,26.65,26.3,26.47,26.47,122841,0.0
2020-04-23,26.48,26.48,26.39,26.43,26.43,2786064,0.0
2020-04-24,26.43,26.71,26.43,26.65,26.65,2637149,0.0
2020-04-27,26.6,26.6,26.4,26.47,26.47,2589999,0.0
2020-04-28,26.49,26.49,25.9,25.93,25.93,378963,0.0
2020-04-29,25.94,25.95,25.65,25.8,25.8,4442788,0.0
2020-04-30,25.92,25.92,24.43,24.76,24.76,67013,0.0
2020-05-01,24.69,25.35,24.69,25.29,25.29,397667,0.0
2020-05-04,25.28,25.41,24.82,25.12,25.12,4325886,0.0
2020-05-05,25.14,25.14,24.11,24.32,24.32,55410,0.0
2020-05-06,24.3,24.34,23.72,24.03,24.03,4089393,0.0
2020-05-07,24.07,24.27,23.94,24.11,24.11,669562,0.0
2020-05-08,24.12,24.12,23.89,23.91,23.91,2193890,0.0
2020-05-11,23.9,24.21,23.67,23.94,23.94,4865891,0.0
2020-05-12,24.02,24.55,23.61,24.08,24.08,3253279,0.0
2020-05-13,24.1,24.1,23.6,23.69,23.69,1038115,0.0
2020-05-14,23.59,24.5,23.59,24.18,24.18,1540763,0.0
2020-05-15,24.25,24.25,24.0,24.03,24.03,2523036,0.0
2020-05-18,24.04,24.57,24.04,24.51,24.51,2480250,0.0
2020-05-19,24.53,25.1,24.0,24.55,24.55,2736666,0.0
2020-05-20,24.56,24.56,24.15,24.31,24.31,1481467,0.0
2020-05-21,24.24,24.25,24.15,24.2,24.2,3766537,0.0
2020-05-22,24.28,24.67,24.16,24.41,24.41,4863349,0.0
2020-05-25,24.46,25.37,24.46,25.06,25.06,4509219,0.0
2020-05-26,25.0,25.24,23.99,24.61,24.61,3049190,0.0
2020-05-27,24.65,25.26,24.65,25.19,25.19,721637,0.0
2020-05-28,25.25,25.74,25.25,25.64,25.64,2021203,0.0
2020-05-29,25.66,25.68,25.57,25.63,25.63,2912151,0.0
2020-06-01,25.56,25.6,25.5,25.55,25.55,1012876,0.0
2020-06-02,25.54,25.89,25.54,25.74,25.74,2217451,0.0
2020-06-03,25.74,25.94,25.46,25.7,25.7,2605445,0.0
2020-06-04,25.72,26.12,25.72,26.01,26.01,172996,0.0
2020-06-05,26.01,26.23,25.33,25.78,25.78,4394317,0.0
2020-06-08,25.79,26.04,25.52,25.78,25.78,4965103,0.0
2020-06-09,25.69,25.84,24.82,25.33,25.33,3587904,0.0
2020-06-10,25.41,25.41,24.95,25.06,25.06,986940,0.0
2020-06-11,25.03,25.7,25.03,25.64,25.64,231363,0.0
2020-06-12,25.68,25.68,25.4,25.5,25.5,224659,0.0
2020-06-15,25.51,25.77,24.83,25.3,25.3,1325226,0.0
2020-06-16,25.35,25.35,24.45,24.67,24.67,3648976,0.0
2020-06-17,24.75,25.11,24.34,24.73,24.73,4880470,0.0
2020-06-18,24.75,25.36,24.75,25.29,25.29,2227944,0.0
2020-06-19,25.26,25.85,24.65,25.25,25.25,4625339,0.0
2020-06-22,25.3,25.3,24.86,24.93,24.93,748059,0.0
2020-06-23,24.92,25.63,24.55,25.09,25.09,3886548,0.0
2020-06-24,25.18,25.18,24.64,24.81,24.81,2970263,0.0
2020-06-25,24.79,25.3,24.79,25.16,25.16,2234030,0.0
2020-06-26,25.08,25.08,24.69,24.86,24.86,641134,0.0
2020-06-29,24.93,25.0,24.84,24.92,24.92,642283,0.0
2020-06-30,24.86,24.96,24.8,24.88,24.88,705476,0.0
2020-07-01,24.92,24.92,24.2,24.44,24.44,3873945,0.0
2020-07-02,24.47,25.16,24.38,24.77,24.77,413795,0.0
2020-07-03,24.87,24.87,24.33,24.34,24.34,3303867,0.0
2020-07-06,24.36,24.94,24.36,24.78,24.78,3278389,0.0
2020-07-07,24.86,24.86,24.07,24.42,24.42,4680549,0.0
2020-07-08,24.46,24.46,24.05,24.22,24.22,2149659,0.0
2020-07-09,24.23,25.39,24.23,24.87,24.87,872825,0.0
2020-07-10,24.9,25.74,24.9,25.46,25.46,1890688,0.0
2020-07-13,25.52,25.52,24.16,24.24,24.24,3633478,0.0
2020-07-14,24.28,25.31,24.28,25.16,25.16,1647602,0.0
2020-07-15,25.15,25.35,25.15,25.29,25.29,2473160,0.0
2020-07-16,25.28,25.43,25.04,25.23,25.23,1023453,0.0
2020-07-17,25.25,25.53,25.14,25.34,25.34,2276345,0.0
2020-07-20,25.34,25.34,25.13,25.2,25.2,851293,0.0
2020-07-21,25.17,25.66,25.17,25.49,25.49,3497996,0.0
2020-07-22,25.41,25.41,25.08,25.23,25.23,254880,0.0
2020-07-23,25.31,25.99,24.7,25.35,25.35,4731001,0.0
2020-07-24,25.3,25.31,24.6,24.95,24.95,183580,0.0
2020-07-27,24.82,24.82,24.54,24.58,24.58,3648730,0.0
2020-07-28,24.67,24.67,23.15,23.6,23.6,2239324,0.0
2020-07-29,23.63,24.49,23.63,24.11,24.11,2272843,0.0
2020-07-30,24.15,24.15,22.77,23.17,23.17,3335185,0.0
2020-07-31,23.23,23.24,23.12,23.18,23.18,1037681,0.0
2020-08-03,23.22,23.22,22.43,22.81,22.81,3119437,0.0
2020-08-04,22.8,22.8,22.43,22.58,22.58,3719666,0.0
2020-08-05,22.56,22.56,21.36,21.78,21.78,1024593,0.0
2020-08-06,21.78,21.78,20.83,20.95,20.95,2880246,0.0
2020-08-07,20.92,21.15,20.88,21.01,21.01,4743576,0.0
2020-08-10,21.05,21.05,20.37,20.71,20.71,4323926,0.0
2020-08-11,20.73,20.73,20.4,20.56,20.56,3409404,0.0
2020-08-12,20.58,21.0,20.58,20.96,20.96,4935769,0.0
2020-08-13,21.02,21.02,20.67,20.79,20.79,3993927,0.0
2020-08-14,20.81,20.89,20.08,20.49,20.49,2011997,0.0
2020-08-17,20.51,21.07,20.51,20.99,20.99,2463828,0.0
2020-08-18,21.01,21.28,20.56,20.92,20.92,3922997,0.0
2020-08-19,20.95,21.08,20.07,20.57,20.57,4489013,0.0
2020-08-20,20.56,20.56,19.92,20.06,20.06,2595669,0.0
2020-08-21,20.05,20.05,19.36,19.41,19.41,4490578,0.0
2020-08-24,19.39,19.39,19.02,19.18,19.18,1059512,0.0
2020-08-25,19.22,19.82,19.22,19.67,19.67,3410268,0.0
2020-08-26,19.61,20.14,19.61,19.94,19.94,1023195,0.0
2020-08-27,19.92,20.25,19.92,20.23,20.23,1917390,0.0
2020-08-28,20.26,20.44,19.76,20.1,20.1,4556980,0.0
2020-08-31,20.14,20.26,19.72,19.99,19.99,3154419,0.0
2020-09-01,20.01,20.01,19.34,19.49,19.49,2598393,0.0
2020-09-02,19.52,19.55,19.52,19.54,19.54,4916635,0.0
2020-09-03,19.53,19.63,18.93,19.28,19.28,2392816,0.0
2020-09-04,19.24,19.85,19.24,19.81,19.81,2407274,0.0
2020-09-07,19.76,20.31,19.76,20.15,20.15,667722,0.0
2020-09-08,20.16,20.17,20.14,20.15,20.15,1331235,0.0
2020-09-09,20.1,20.38,20.1,20.31,20.31,4107457,0.0
2020-09-10,20.3,20.3,20.08,20.16,20.16,3153607,0.0
2020-09-11,20.16,20.45,20.1,20.28,20.28,1027288,0.0
2020-09-14,20.29,20.29,19.44,19.74,19.74,3429347,0.0
2020-09-15,19.63,19.81,19.27,19.54,19.54,3869178,0.0
2020-09-16,19.54,19.54,18.87,19.08,19.08,4986109,0.0
2020-09-17,19.04,19.6,19.04,19.52,19.52,1860045,0.0
2020-09-18,19.53,19.75,19.53,19.73,19.73,968231,0.0
2020-09-21,19.71,20.0,19.71,19.89,19.89,532135,0.0
2020-09-22,19.89,19.89,19.48,19.64,19.64,569906,0.0
2020-09-23,19.65,20.46,19.65,20.2,20.2,3909892,0.0
2020-09-24,20.16,20.17,19.88,20.02,20.02,3689330,0.0
2020-09-25,20.01,20.01,19.76,19.8,19.8,3998541,0.0
2020-09-28,19.75,19.93,19.43,19.68,19.68,2025025,0.0
2020-09-29,19.72,19.72,19.33,19.49,19.49,457129,0.0
2020-09-30,19.52,19.64,19.33,19.49,19.49,2776746,0.0
2020-10-01,19.5,19.7,19.5,19.62,19.62,2111377,0.0
2020-10-02,19.59,20.04,19.59,19.98,19.98,3524783,0.0
2020-10-05,19.96,20.34,19.94,20.14,20.14,4858674,0.0
2020-10-06,20.15,20.46,19.84,20.15,20.15,4166231,0.0
2020-10-07,20.12,20.16,19.49,19.82,19.82,2735511,0.0
2020-10-08,19.79,19.91,19.67,19.79,19.79,2886333,0.0
2020-10-09,19.79,19.87,19.52,19.69,19.69,4838293,0.0
2020-10-12,19.69,20.19,19.69,20.0,20.0,1985000,0.0
2020-10-13,20.07,20.07,19.81,19.84,19.84,4178167,0.0
2020-10-14,19.88,19.88,19.26,19.28,19.28,4041358,0.0
2020-10-15,19.3,19.3,19.17,19.21,19.21,2527553,0.0
2020-10-16,19.24,19.34,19.09,19.22,19.22,1595377,0.0
2020-10-19,19.17,19.17,18.82,18.82,18.82,2052517,0.0
2020-10-20,18.82,18.82,18.5,18.65,18.65,969357,0.0
2020-10-21,18.68,18.91,18.58,18.74,18.74,3687309,0.0
2020-10-22,18.75,19.14,18.75,19.04,19.04,3870563,0.0
2020-10-23,19.05,19.06,18.37,18.71,18.71,2500230,0.0
2020-10-26,18.74,18.74,18.25,18.31,18.31,1446746,0.0
2020-10-27,18.28,18.28,17.91,17.96,17.96,4278371,0.0
2020-10-28,17.94,18.32,17.87,18.1,18.1,1523310,0.0
2020-10-29,18.11,18.11,17.72,17.78,17.78,1505426,0.0
2020-10-30,17.8,17.8,17.23,17.45,17.45,446694,0.0
2020-11-02,17.42,17.42,17.2,17.29,17.29,1778078,0.0
2020-11-03,17.29,17.36,17.01,17.18,17.18,629134,0.0
2020-11-04,17.2,17.69,17.2,17.64,17.64,2678837,0.0
2020-11-05,17.63,17.63,17.47,17.52,17.52,2713598,0.0
2020-11-06,17.5,17.9,17.5,17.86,17.86,867365,0.0
2020-11-09,17.9,18.07,17.9,18.06,18.06,2248565,0.0
2020-11-10,18.08,18.32,17.61,17.97,17.97,4058721,0.0
2020-11-11,17.88,18.34,17.62,17.98,17.98,1605563,0.0
2020-11-12,18.04,18.18,17.35,17.77,17.77,4812759,0.0
2020-11-13,17.8,17.8,17.4,17.44,17.44,1574119,0.0
2020-11-16,17.41,17.56,17.41,17.55,17.55,4567450,0.0
2020-11-17,17.57,17.67,17.19,17.43,17.43,3965883,0.0
2020-11-18,17.44,18.17,17.33,17.75,17.75,2755702,0.0
2020-11-19,17.75,17.88,17.57,17.72,17.72,1578901,0.0
2020-11-20,17.75,17.89,17.75,17.89,17.89,1499689,0.0
2020-11-23,17.84,17.91,17.84,17.89,17.89,272882,0.0
2020-11-24,17.92,18.33,17.92,18.32,18.32,878295,0.0
2020-11-25,18.41,18.41,17.92,17.94,17.94,4109961,0.0
2020-11-26,17.89,17.89,17.57,17.61,17.61,2391432,0.0
2020-11-27,17.59,17.78,17.59,17.75,17.75,1795769,0.0
2020-11-30,17.74,17.98,17.67,17.82,17.82,3525210,0.0
2020-12-01,17.78,17.78,16.77,17.1,17.1,4945860,0.0
2020-12-02,17.15,17.15,16.68,16.82,16.82,1746627,0.0
2020-12-03,16.86,16.86,16.27,16.37,16.37,1353546,0.0
2020-12-04,16.38,16.57,16.38,16.54,16.54,4884404,0.0
2020-12-07,16.57,16.93,16.42,16.68,16.68,1133012,0.0
2020-12-08,16.66,17.2,16.66,16.97,16.97,4171345,0.0
2020-12-09,16.97,16.99,16.79,16.89,16.89,3964048,0.0
2020-12-10,16.9,17.33,16.9,17.17,17.17,2384083,0.0
2020-12-11,17.24,17.27,17.05,17.16,17.16,1537373,0.0
2020-12-14,17.17,17.9,16.65,17.27,17.27,1245147,0.0
2020-12-15,17.31,17.46,17.31,17.43,17.43,1918868,0.0
2020-12-16,17.44,18.07,17.44,17.96,17.96,1747855,0.0
2020-12-17,17.94,17.99,17.76,17.87,17.87,3264711,0.0
2020-12-18,17.84,18.34,17.55,17.95,17.95,883207,0.0
2020-12-21,17.95,17.95,17.66,17.69,17.69,4684601,0.0
2020-12-22,17.69,17.69,17.3,17.32,17.32,760640,0.0
2020-12-23,17.31,17.31,16.98,17.06,17.06,91163,0.0
2020-12-24,17.12,17.28,16.92,17.1,17.1,1067030,0.0
2020-12-25,17.09,17.09,17.0,17.03,17.03,180110,0.0
2020-12-28,16.96,16.96,16.87,16.88,16.88,528431,0.0
2020-12-29,16.84,17.44,16.72,17.08,17.08,2964468,0.0
2020-12-30,17.12,17.6,17.12,17.44,17.44,3547934,0.0
2020-12-31,17.48,17.48,17.29,17.34,17.34,343515,0.0
2021-01-01,17.39,17.44,17.07,17.25,17.25,327550,0.0
2021-01-04,17.32,17.42,17.23,17.32,17.32,2262559,0.0
2021-01-05,17.35,17.75,17.35,17.55,17.55,3663630,0.0
2021-01-06,17.53,17.77,17.47,17.62,17.62,4215652,0.0
2021-01-07,17.65,17.65,17.32,17.36,17.36,3603134,0.0
2021-01-08,17.42,17.88,17.42,17.71,17.71,3649360,0.0
2021-01-11,17.69,17.9,17.42,17.66,17.66,3610725,0.0
2021-01-12,17.63,18.09,17.63,17.94,17.94,4402460,0.0
2021-01-13,17.93,18.53,17.93,18.5,18.5,1123534,0.0
2021-01-14,18.51,19.1,18.51,18.95,18.95,837919,0.0
2021-01-15,18.93,18.93,18.64,18.64,18.64,2118036,0.0
2021-01-18,18.6,18.6,18.49,18.54,18.54,3475783,0.0
2021-01-19,18.55,18.69,18.51,18.6,18.6,4415719,0.0
2021-01-20,18.61,18.71,18.29,18.5,18.5,2524211,0.0
2021-01-21,18.5,19.13,18.5,19.11,19.11,3202120,0.0
2021-01-22,19.13,19.17,19.13,19.16,19.16,1434827,0.0
2021-01-25,19.11,19.28,19.07,19.17,19.17,3685693,0.0
2021-01-26,19.21,19.71,19.21,19.6,19.6,288521,0.0
2021-01-27,19.56,19.62,19.43,19.52,19.52,649488,0.0
2021-01-28,19.57,19.58,19.0,19.29,19.29,166577,0.0
2021-01-29,19.28,19.43,19.28,19.39,19.39,4514705,0.0
2021-02-01,19.37,19.48,18.99,19.23,19.23,2480322,0.0
2021-02-02,19.16,19.16,18.64,18.78,18.78,4711660,0.0
2021-02-03,18.84,18.84,18.69,18.71,18.71,1798965,0.0
2021-02-04,18.74,19.11,18.74,19.06,19.06,1553278,0.0
2021-02-05,19.12,19.46,19.12,19.37,19.37,2026845,0.0
2021-02-08,19.3,19.72,19.3,19.65,19.65,4801603,0.0
2021-02-09,19.59,19.88,19.55,19.72,19.72,3858563,0.0
2021-02-10,19.74,19.79,19.73,19.76,19.76,1795722,0.0
2021-02-11,19.81,19.81,19.33,19.43,19.43,2643942,0.0
2021-02-12,19.36,19.36,19.19,19.2,19.2,1852861,0.0
2021-02-15,19.2,19.65,19.2,19.54,19.54,1466046,0.0
2021-02-16,19.55,19.55,18.99,19.13,19.13,1728975,0.0
2021-02-17,19.15,19.53,18.54,19.04,19.04,2283878,0.0
2021-02-18,19.02,19.02,18.09,18.15,18.15,4451372,0.0
2021-02-19,18.17,18.18,18.06,18.12,18.12,2674027,0.0
2021-02-22,18.13,18.35,18.13,18.28,18.28,3919551,0.0
2021-02-23,18.27,18.33,18.14,18.24,18.24,488066,0.0
2021-02-24,18.25,18.25,17.58,17.77,17.77,2761863,0.0
2021-02-25,17.75,18.03,17.75,18.01,18.01,431203,0.0
2021-02-26,18.02,18.16,18.02,18.12,18.12,3640166,0.0
2021-03-01,18.13,18.51,17.87,18.19,18.19,4549480,0.0
2021-03-02,18.21,18.27,18.2,18.23,18.23,52119,0.0
2021-03-03,18.2,18.2,17.34,17.61,17.61,895828,0.0
2021-03-04,17.58,17.89,17.58,17.78,17.78,1992843,0.0
2021-03-05,17.83,17.95,17.52,17.73,17.73,786914,0.0
2021-03-08,17.74,17.81,17.74,17.78,17.78,3317201,0.0
2021-03-09,17.79,18.54,17.79,18.3,18.3,1886760,0.0
2021-03-10,18.36,18.36,18.14,18.16,18.16,4696382,0.0
2021-03-11,18.19,18.46,18.19,18.41,18.41,2170525,0.0
2021-03-12,18.47,18.72,17.8,18.26,18.26,2700412,0.0
2021-03-15,18.3,18.3,17.94,18.01,18.01,3125960,0.0
2021-03-16,18.03,18.03,17.75,17.79,17.79,2559634,0.0
2021-03-17,17.79,17.88,17.55,17.71,17.71,985708,0.0
2021-03-18,17.76,17.76,17.33,17.38,17.38,2902503,0.0
2021-03-19,17.35,18.07,17.31,17.69,17.69,4404554,0.0
2021-03-22,17.66,17.92,17.66,17.81,17.81,911255,0.0
2021-03-23,17.88,17.89,17.83,17.86,17.86,4183635,0.0
2021-03-24,17.87,17.87,17.37,17.49,17.49,2321825,0.0
2021-03-25,17.46,18.0,17.46,17.82,17.82,2560083,0.0
2021-03-26,17.88,17.88,17.02,17.18,17.18,3895931,0.0
2021-03-29,17.17,17.2,17.01,17.11,17.11,1540832,0.0
2021-03-30,17.09,17.09,16.81,16.92,16.92,4309909,0.0
2021-03-31,16.95,17.54,16.95,17.25,17.25,4558435,0.0
2021-04-01,17.25,17.77,17.25,17.56,17.56,1559357,0.0
2021-04-02,17.51,17.51,17.17,17.26,17.26,3147150,0.0
2021-04-05,17.26,17.26,16.72,16.81,16.81,3067700,0.0
2021-04-06,16.82,17.16,16.82,17.07,17.07,1134012,0.0
2021-04-07,17.1,17.42,16.74,17.08,17.08,2510072,0.0
2021-04-08,17.07,17.28,17.07,17.26,17.26,4706505,0.0
2021-04-09,17.24,17.24,16.95,17.03,17.03,1643966,0.0
2021-04-12,17.08,17.08,16.84,16.86,16.86,3990995,0.0
2021-04-13,16.87,16.9,16.73,16.81,16.81,2525421,0.0
2021-04-14,16.81,16.81,16.58,16.6,16.6,822929,0.0
2021-04-15,16.6,16.84,16.6,16.76,16.76,522663,0.0
2021-04-16,16.78,17.01,16.78,16.99,16.99,3651274,0.0
2021-04-19,16.96,17.46,16.96,17.29,17.29,2335884,0.0
2021-04-20,17.31,17.47,17.31,17.41,17.41,797149,0.0
2021-04-21,17.44,18.05,17.44,17.76,17.76,2138671,0.0
2021-04-22,17.78,17.87,17.65,17.76,17.76,4103280,0.0
2021-04-23,17.73,17.73,17.46,17.59,17.59,2821387,0.0
2021-04-26,17.66,17.77,17.12,17.44,17.44,2863632,0.0
2021-04-27,17.5,17.67,17.48,17.58,17.58,2793739,0.0
2021-04-28,17.58,17.87,17.58,17.75,17.75,2480974,0.0
2021-04-29,17.79,17.94,17.64,17.79,17.79,1534610,0.0
2021-04-30,17.76,18.45,17.76,18.22,18.22,708651,0.0
2021-05-03,18.26,18.26,17.82,18.03,18.03,1627015,0.0
2021-05-04,17.99,17.99,17.3,17.32,17.32,4828422,0.0
2021-05-05,17.33,17.72,17.33,17.64,17.64,3339903,0.0
2021-05-06,17.56,17.56,16.97,17.16,17.16,4439390,0.0
2021-05-07,17.17,17.62,17.17,17.41,17.41,1487429,0.0
2021-05-10,17.4,17.67,17.4,17.55,17.55,4223536,0.0
2021-05-11,17.55,17.57,17.46,17.52,17.52,1164994,0.0
2021-05-12,17.51,17.83,17.44,17.63,17.63,329825,0.0
2021-05-13,17.64,17.96,17.64,17.89,17.89,4214443,0.0
2021-05-14,17.94,17.94,17.53,17.59,17.59,2443685,0.0
2021-05-17,17.59,17.79,17.39,17.59,17.59,3806670,0.0
2021-05-18,17.53,17.64,17.37,17.51,17.51,2174749,0.0
2021-05-19,17.53,18.05,17.16,17.61,17.61,2876006,0.0
2021-05-20,17.64,17.64,16.99,17.1,17.1,1046523,0.0
2021-05-21,17.11,17.5,17.05,17.28,17.28,4331606,0.0
2021-05-24,17.26,17.67,17.24,17.45,17.45,2644748,0.0
2021-05-25,17.44,17.78,17.44,17.73,17.73,1429497,0.0
2021-05-26,17.73,18.22,17.73,18.04,18.04,4972496,0.0
2021-05-27,18.03,18.03,17.56,17.62,17.62,751697,0.0
2021-05-28,17.62,17.62,17.48,17.55,17.55,3313430,0.0
2021-05-31,17.61,18.09,17.61,18.05,18.05,4247522,0.0
2021-06-01,18.06,18.51,17.91,18.21,18.21,3613833,0.0
2021-06-02,18.19,18.22,18.15,18.18,18.18,4925411,0.0
2021-06-03,18.18,18.31,18.17,18.24,18.24,4006794,0.0
2021-06-04,18.28,18.79,18.28,18.76,18.76,2514710,0.0
2021-06-07,18.74,18.78,18.2,18.49,18.49,3893744,0.0
2021-06-08,18.53,18.65,18.45,18.55,18.55,4483417,0.0
2021-06-09,18.54,18.8,18.54,18.8,18.8,929799,0.0
2021-06-10,18.78,18.78,18.55,18.56,18.56,3936960,0.0
2021-06-11,18.54,18.88,18.54,18.76,18.76,79814,0.0
2021-06-14,18.69,18.69,18.37,18.49,18.49,1323383,0.0
2021-06-15,18.51,19.48,18.31,18.89,18.89,1687875,0.0
2021-06-16,18.84,18.97,18.56,18.77,18.77,879398,0.0
2021-06-17,18.71,18.71,18.53,18.62,18.62,3574732,0.0
2021-06-18,18.65,18.65,18.39,18.45,18.45,310225,0.0
2021-06-21,18.45,18.47,18.45,18.46,18.46,1266756,0.0
2021-06-22,18.42,18.85,18.01,18.43,18.43,3144893,0.0
2021-06-23,18.42,18.42,18.16,18.23,18.23,4443641,0.0
2021-06-24,18.23,18.31,17.54,17.93,17.93,3195735,0.0
2021-06-25,17.98,18.64,17.98,18.56,18.56,2976615,0.0
2021-06-28,18.54,18.57,18.43,18.5,18.5,2095299,0.0
2021-06-29,18.52,18.8,18.52,18.73,18.73,2594226,0.0
2021-06-30,18.73,18.73,18.05,18.13,18.13,3171101,0.0
2021-07-01,18.16,18.16,18.09,18.13,18.13,1195039,0.0
2021-07-02,18.13,18.46,18.13,18.38,18.38,495602,0.0
2021-07-05,18.44,18.44,18.04,18.24,18.24,3787909,0.0
2021-07-06,18.23,18.82,18.23,18.77,18.77,832429,0.0
2021-07-07,18.79,18.79,18.15,18.26,18.26,4864424,0.0
2021-07-08,18.22,18.22,17.85,17.93,17.93,371550,0.0
2021-07-09,17.94,18.48,17.69,18.08,18.08,1758332,0.0
2021-07-12,18.06,18.79,18.06,18.68,18.68,441958,0.0
2021-07-13,18.67,19.22,18.67,18.97,18.97,2467051,0.0
2021-07-14,18.96,19.13,18.47,18.8,18.8,4161403,0.0
2021-07-15,18.8,18.8,18.58,18.67,18.67,2613959,0.0
2021-07-16,18.62,18.89,18.62,18.79,18.79,1633774,0.0
2021-07-19,18.8,18.8,17.96,18.34,18.34,3252738,0.0
2021-07-20,18.34,18.81,18.34,18.64,18.64,561764,0.0
2021-07-21,18.65,18.65,18.37,18.49,18.49,1802135,0.0
2021-07-22,18.5,18.5,18.17,18.18,18.18,1782603,0.0
2021-07-23,18.13,18.13,17.57,17.81,17.81,236686,0.0
2021-07-26,17.76,17.78,17.75,17.76,17.76,3862556,0.0
2021-07-27,17.77,17.77,17.69,17.72,17.72,696308,0.0
2021-07-28,17.74,18.24,17.15,17.69,17.69,414061,0.0
2021-07-29,17.65,17.69,17.41,17.55,17.55,4936254,0.0
2021-07-30,17.6,17.6,17.0,17.12,17.12,2432605,0.0
2021-08-02,17.16,17.25,17.07,17.16,17.16,2662506,0.0
2021-08-03,17.16,17.41,17.16,17.36,17.36,2030561,0.0
2021-08-04,17.38,17.38,17.11,17.25,17.25,4758251,0.0
2021-08-05,17.28,17.69,17.28,17.6,17.6,3984807,0.0
2021-08-06,17.63,17.88,17.63,17.82,17.82,1669303,0.0
2021-08-09,17.82,18.55,17.82,18.48,18.48,2934460,0.0
2021-08-10,18.51,19.0,18.29,18.65,18.65,2027807,0.0
2021-08-11,18.6,18.6,18.54,18.57,18.57,1209555,0.0
2021-08-12,18.54,18.55,18.31,18.43,18.43,2882807,0.0
2021-08-13,18.47,18.61,18.28,18.45,18.45,1195021,0.0
2021-08-16,18.45,18.45,18.11,18.27,18.27,4207056,0.0
2021-08-17,18.21,18.55,18.21,18.52,18.52,4516201,0.0
2021-08-18,18.48,18.48,17.97,18.07,18.07,1632803,0.0
2021-08-19,18.02,18.58,17.84,18.21,18.21,4734352,0.0
2021-08-20,18.21,18.48,18.01,18.25,18.25,2633161,0.0
2021-08-23,18.22,18.22,18.13,18.17,18.17,1137279,0.0
2021-08-24,18.19,18.19,18.09,18.1,18.1,3413182,0.0
2021-08-25,18.13,18.86,18.13,18.81,18.81,784464,0.0
2021-08-26,18.83,19.17,18.83,19.04,19.04,3977590,0.0
2021-08-27,18.99,18.99,18.8,18.88,18.88,3645153,0.0
2021-08-30,18.93,18.93,18.62,18.65,18.65,1301677,0.0
2021-08-31,18.66,18.66,18.37,18.39,18.39,891900,0.0
2021-09-01,18.39,18.41,18.35,18.38,18.38,601034,0.0
2021-09-02,18.43,18.66,18.16,18.41,18.41,4458160,0.0
2021-09-03,18.42,18.47,18.36,18.41,18.41,3458375,0.0
2021-09-06,18.4,18.57,18.37,18.47,18.47,451779,0.0
2021-09-07,18.46,18.73,18.46,18.61,18.61,4599140,0.0
2021-09-08,18.61,18.94,18.28,18.61,18.61,3376029,0.0
2021-09-09,18.64,18.64,18.23,18.31,18.31,185255,0.0
2021-09-10,18.31,18.31,17.92,18.01,18.01,1530464,0.0
2021-09-13,17.98,18.24,17.98,18.14,18.14,3956434,0.0
2021-09-14,18.17,18.17,17.81,17.88,17.88,4828633,0.0
2021-09-15,17.92,18.35,17.85,18.1,18.1,4138578,0.0
2021-09-16,18.1,18.1,17.67,17.7,17.7,251925,0.0
2021-09-17,17.66,17.66,17.07,17.11,17.11,3368381,0.0
2021-09-20,17.12,17.35,16.81,17.08,17.08,4388105,0.0
2021-09-21,17.05,17.05,16.76,16.83,16.83,1120708,0.0
2021-09-22,16.87,16.95,16.59,16.77,16.77,4778827,0.0
2021-09-23,16.78,17.24,16.78,17.14,17.14,4345849,0.0
2021-09-24,17.14,17.19,17.13,17.16,17.16,1615447,0.0
2021-09-27,17.24,17.25,16.56,16.9,16.9,222224,0.0
2021-09-28,16.92,17.86,16.92,17.66,17.66,1726011,0.0
2021-09-29,17.64,17.89,17.58,17.74,17.74,4965487,0.0
2021-09-30,17.75,17.89,17.08,17.48,17.48,3489576,0.0
2021-10-01,17.5,17.5,16.94,17.1,17.1,3251544,0.0
2021-10-04,17.12,17.47,17.12,17.37,17.37,1962470,0.0
2021-10-05,17.27,17.37,17.06,17.21,17.21,3553727,0.0
2021-10-06,17.27,17.66,17.15,17.41,17.41,1405586,0.0
2021-10-07,17.35,17.67,17.35,17.58,17.58,3650948,0.0
2021-10-08,17.58,17.68,17.44,17.56,17.56,3050842,0.0
2021-10-11,17.56,17.56,17.11,17.34,17.34,2823684,0.0
2021-10-12,17.35,17.38,16.71,17.04,17.04,4398418,0.0
2021-10-13,17.05,17.09,16.88,16.98,16.98,4595040,0.0
2021-10-14,17.01,17.32,16.73,17.03,17.03,4071798,0.0
2021-10-15,17.03,17.38,16.12,16.75,16.75,1379319,0.0
2021-10-18,16.78,16.79,16.38,16.59,16.59,4536511,0.0
2021-10-19,16.58,16.58,15.98,16.21,16.21,1052169,0.0
2021-10-20,16.17,16.17,15.85,16.0,16.0,433101,0.0
2021-10-21,16.01,16.24,15.83,16.04,16.04,1798283,0.0
2021-10-22,16.06,16.08,15.8,15.94,15.94,2240928,0.0
2021-10-25,15.91,15.95,15.76,15.85,15.85,2454795,0.0
2021-10-26,15.89,15.89,15.3,15.46,15.46,3982648,0.0
2021-10-27,15.48,15.96,15.48,15.77,15.77,4261245,0.0
2021-10-28,15.82,15.99,15.82,15.97,15.97,2144184,0.0
2021-10-29,15.95,16.56,15.95,16.39,16.39,3094804,0.0
2021-11-01,16.43,17.09,16.43,16.92,16.92,1790198,0.0
2021-11-02,16.95,16.95,16.65,16.67,16.67,2177432,0.0
2021-11-03,16.6,17.24,16.6,17.21,17.21,3342527,0.0
2021-11-04,17.24,17.24,16.62,16.88,16.88,2375427,0.0
2021-11-05,16.85,17.48,16.85,17.41,17.41,1838376,0.0
2021-11-08,17.45,18.02,17.23,17.63,17.63,3869225,0.0
2021-11-09,17.61,17.94,17.61,17.9,17.9,2684332,0.0
2021-11-10,17.94,18.58,17.9,18.24,18.24,4551995,0.0
2021-11-11,18.19,18.19,17.78,17.84,17.84,4987613,0.0
2021-11-12,17.77,18.18,17.77,18.16,18.16,2496921,0.0
2021-11-15,18.14,18.68,18.07,18.38,18.38,539219,0.0
2021-11-16,18.37,18.45,17.94,18.19,18.19,3305878,0.0
2021-11-17,18.19,18.19,17.54,17.7,17.7,4256438,0.0
2021-11-18,17.7,17.82,17.69,17.76,17.76,4358514,0.0
2021-11-19,17.74,17.74,17.18,17.41,17.41,4223431,0.0
2021-11-22,17.37,18.01,17.37,17.69,17.69,4851978,0.0
2021-11-23,17.71,17.71,17.26,17.29,17.29,4712017,0.0
2021-11-24,17.27,17.56,17.27,17.53,17.53,2782988,0.0
2021-11-25,17.51,17.57,17.48,17.52,17.52,681637,0.0
2021-11-26,17.54,17.7,17.47,17.58,17.58,3246779,0.0
2021-11-29,17.59,17.87,17.52,17.7,17.7,1118828,0.0
2021-11-30,17.68,17.83,17.66,17.75,17.75,4689894,0.0
2021-12-01,17.7,18.66,17.59,18.13,18.13,4383955,0.0
2021-12-02,18.1,18.1,17.97,17.97,17.97,2299232,0.0
2021-12-03,17.95,18.08,17.86,17.97,17.97,487848,0.0
2021-12-06,17.92,18.24,17.43,17.84,17.84,4252719,0.0
2021-12-07,17.81,17.93,17.81,17.91,17.91,1578310,0.0
2021-12-08,17.89,18.62,17.63,18.13,18.13,3578591,0.0
2021-12-09,18.1,18.25,18.1,18.25,18.25,1473366,0.0
2021-12-10,18.24,18.54,18.24,18.54,18.54,3846869,0.0
2021-12-13,18.52,18.55,18.3,18.43,18.43,756930,0.0
2021-12-14,18.39,18.81,18.39,18.72,18.72,906693,0.0
2021-12-15,18.65,18.78,18.65,18.73,18.73,4419559,0.0
2021-12-16,18.7,18.7,18.51,18.59,18.59,3524911,0.0
2021-12-17,18.67,18.69,18.67,18.69,18.69,423656,0.0
2021-12-20,18.71,18.71,18.36,18.38,18.38,4132707,0.0
2021-12-21,18.42,18.55,18.19,18.37,18.37,486704,0.0
2021-12-22,18.4,18.52,18.16,18.34,18.34,1144132,0.0
2021-12-23,18.32,18.64,18.32,18.52,18.52,1866199,0.0
2021-12-24,18.51,18.51,17.99,18.05,18.05,4045671,0.0
2021-12-27,18.04,18.04,17.46,17.63,17.63,2406089,0.0
2021-12-28,17.7,17.7,17.57,17.6,17.6,4735591,0.0
2021-12-29,17.55,17.55,17.24,17.31,17.31,2296046,0.0
2021-12-30,17.36,17.44,17.36,17.4,17.4,4969475,0.0
2021-12-31,17.42,17.97,17.19,17.58,17.58,724692,0.0
2022-01-03,17.57,17.98,17.57,17.8,17.8,1788534,0.0
2022-01-04,17.74,17.74,17.62,17.68,17.68,2659424,0.0
2022-01-05,17.71,17.71,17.51,17.59,17.59,2085947,0.0
2022-01-06,17.55,18.17,17.52,17.85,17.85,796836,0.0
2022-01-07,17.82,17.94,17.6,17.77,17.77,1444155,0.0
2022-01-10,17.8,17.96,16.78,17.37,17.37,2644118,0.0
2022-01-11,17.37,17.6,16.94,17.27,17.27,3605139,0.0
2022-01-12,17.25,17.73,17.25,17.62,17.62,3062805,0.0
2022-01-13,17.63,17.76,17.33,17.54,17.54,3279094,0.0
2022-01-14,17.56,18.41,17.56,18.2,18.2,2537474,0.0
2022-01-17,18.16,18.62,18.16,18.59,18.59,732396,0.0
2022-01-18,18.53,18.73,18.53,18.72,18.72,1253849,0.0
2022-01-19,18.76,19.22,18.61,18.91,18.91,3250577,0.0
2022-01-20,18.85,18.85,18.58,18.7,18.7,575087,0.0
2022-01-21,18.68,18.68,18.1,18.36,18.36,764569,0.0
2022-01-24,18.33,18.62,18.33,18.6,18.6,463444,0.0
2022-01-25,18.64,18.64,18.3,18.33,18.33,1868947,0.0
2022-01-26,18.27,18.27,18.05,18.12,18.12,62515,0.0
2022-01-27,18.13,18.43,18.13,18.42,18.42,3052466,0.0
2022-01-28,18.4,18.54,18.23,18.39,18.39,690343,0.0
2022-01-31,18.43,18.61,17.89,18.25,18.25,4048347,0.0
2022-02-01,18.26,18.6,17.75,18.17,18.17,2372501,0.0
2022-02-02,18.19,18.58,18.19,18.47,18.47,4801561,0.0
2022-02-03,18.43,18.43,18.07,18.13,18.13,1212257,0.0
2022-02-04,18.16,18.16,17.99,17.99,17.99,1982431,0.0
2022-02-07,17.94,18.35,17.94,18.16,18.16,2436534,0.0
2022-02-08,18.15,18.15,17.91,17.97,17.97,1221463,0.0
2022-02-09,17.96,18.54,17.96,18.42,18.42,488054,0.0
2022-02-10,18.42,18.48,18.38,18.43,18.43,4138917,0.0
2022-02-11,18.38,18.77,18.38,18.72,18.72,949194,0.0
2022-02-14,18.73,19.12,18.3,18.71,18.71,2158393,0.0
2022-02-15,18.72,19.16,18.69,18.92,18.92,4468221,0.0
2022-02-16,18.91,18.91,18.74,18.82,18.82,4365759,0.0
2022-02-17,18.85,19.17,18.73,18.95,18.95,1793129,0.0
2022-02-18,18.99,19.01,18.94,18.98,18.98,1638926,0.0
2022-02-21,19.0,19.35,18.95,19.15,19.15,259245,0.0
2022-02-22,19.19,19.38,18.5,18.94,18.94,994100,0.0
2022-02-23,18.94,18.94,17.95,18.22,18.22,3620500,0.0
2022-02-24,18.27,18.58,17.85,18.21,18.21,670766,0.0
2022-02-25,18.17,18.29,17.64,17.96,17.96,995528,0.0
2022-02-28,17.9,18.36,17.9,18.25,18.25,880005,0.0
2022-03-01,18.26,18.26,17.93,17.94,17.94,4841262,0.0
2022-03-02,17.93,17.93,17.32,17.55,17.55,968660,0.0
2022-03-03,17.54,17.54,17.14,17.31,17.31,2760909,0.0
2022-03-04,17.36,17.36,16.99,17.0,17.0,4376449,0.0
2022-03-07,17.01,17.19,16.49,16.84,16.84,4544825,0.0
2022-03-08,16.8,17.04,16.8,17.03,17.03,3580984,0.0
2022-03-09,17.02,17.34,16.85,17.09,17.09,2811033,0.0
2022-03-10,17.15,17.41,16.98,17.2,17.2,3720984,0.0
2022-03-11,17.16,17.52,16.98,17.25,17.25,1566207,0.0
2022-03-14,17.29,17.39,16.63,17.01,17.01,620574,0.0
2022-03-15,16.98,17.26,16.64,16.95,16.95,4821886,0.0
2022-03-16,16.94,17.31,16.86,17.09,17.09,2827526,0.0
2022-03-17,17.11,17.11,16.46,16.79,16.79,2665096,0.0
2022-03-18,16.74,17.03,16.67,16.85,16.85,1919178,0.0
2022-03-21,16.89,16.89,16.28,16.54,16.54,298622,0.0
2022-03-22,16.51,16.85,16.46,16.65,16.65,2505659,0.0
2022-03-23,16.69,16.69,15.95,16.29,16.29,380604,0.0
2022-03-24,16.31,16.4,16.23,16.32,16.32,991442,0.0
2022-03-25,16.35,17.17,16.35,16.8,16.8,1101753,0.0
2022-03-28,16.81,16.81,16.44,16.61,16.61,1378020,0.0
2022-03-29,16.66,16.7,16.44,16.57,16.57,3681850,0.0
2022-03-30,16.58,16.94,16.56,16.75,16.75,2348128,0.0
2022-03-31,16.76,16.76,16.03,16.1,16.1,332024,0.0
2022-04-01,16.14,16.14,15.57,15.66,15.66,532225,0.0
2022-04-04,15.61,15.68,15.57,15.63,15.63,3875786,0.0
2022-04-05,15.59,16.0,15.51,15.75,15.75,465189,0.0
2022-04-06,15.79,15.79,15.3,15.52,15.52,3474957,0.0
2022-04-07,15.51,15.63,14.99,15.31,15.31,4025534,0.0
2022-04-08,15.28,15.53,15.24,15.38,15.38,2613500,0.0
2022-04-11,15.39,15.39,14.87,15.06,15.06,3975695,0.0
2022-04-12,15.08,15.13,14.94,15.04,15.04,64331,0.0
2022-04-13,14.99,14.99,14.73,14.75,14.75,4275995,0.0
2022-04-14,14.69,15.04,14.69,15.02,15.02,1647446,0.0
2022-04-15,15.04,15.44,15.04,15.28,15.28,2698953,0.0
2022-04-18,15.34,15.34,14.81,14.83,14.83,4706610,0.0
2022-04-19,14.86,14.86,14.76,14.77,14.77,4921266,0.0
2022-04-20,14.76,14.76,14.26,14.29,14.29,85841,0.0
2022-04-21,14.23,14.24,14.06,14.15,14.15,2513498,0.0
2022-04-22,14.11,14.23,14.11,14.21,14.21,927749,0.0
2022-04-25,14.23,14.77,14.23,14.57,14.57,4609174,0.0
2022-04-26,14.52,14.83,14.52,14.69,14.69,3620553,0.0
2022-04-27,14.72,15.23,14.72,15.15,15.15,184536,0.0
2022-04-28,15.21,15.31,15.04,15.17,15.17,3781695,0.0
2022-04-29,15.15,15.15,14.69,14.85,14.85,3133038,0.0
2022-05-02,14.85,14.89,14.76,14.83,14.83,1907245,0.0
2022-05-03,14.83,14.83,14.35,14.42,14.42,705972,0.0
2022-05-04,14.37,14.37,14.04,14.06,14.06,1025270,0.0
2022-05-05,14.05,14.05,13.79,13.88,13.88,586237,0.0
2022-05-06,13.9,14.31,13.9,14.26,14.26,1486139,0.0
2022-05-09,14.25,14.25,14.13,14.15,14.15,4526273,0.0
2022-05-10,14.21,14.21,13.87,13.88,13.88,4271967,0.0
2022-05-11,13.82,13.92,13.52,13.72,13.72,2458711,0.0
2022-05-12,13.7,14.34,13.7,14.18,14.18,4247784,0.0
2022-05-13,14.14,14.14,14.01,14.03,14.03,4778878,0.0
2022-05-16,14.02,14.55,14.02,14.43,14.43,3597613,0.0
2022-05-17,14.48,14.69,14.41,14.55,14.55,3720205,0.0
2022-05-18,14.54,15.14,14.33,14.74,14.74,2050819,0.0
2022-05-19,14.75,14.9,14.32,14.61,14.61,2156159,0.0
2022-05-20,14.58,14.69,14.58,14.68,14.68,2599403,0.0
2022-05-23,14.7,14.89,14.7,14.86,14.86,4655986,0.0
2022-05-24,14.87,14.89,14.82,14.86,14.86,2584873,0.0
2022-05-25,14.87,15.0,14.8,14.9,14.9,408015,0.0
2022-05-26,14.89,14.89,14.59,14.68,14.68,4784905,0.0
2022-05-27,14.65,14.79,14.61,14.7,14.7,1825809,0.0
2022-05-30,14.71,15.09,14.65,14.87,14.87,4413325,0.0
2022-05-31,14.83,14.95,14.83,14.94,14.94,2308591,0.0
2022-06-01,14.95,14.95,14.57,14.73,14.73,1351933,0.0
2022-06-02,14.72,14.95,14.64,14.8,14.8,1922505,0.0
2022-06-03,14.84,14.84,14.68,14.72,14.72,4701506,0.0
2022-06-06,14.71,14.71,14.35,14.48,14.48,3979814,0.0
2022-06-07,14.47,14.47,14.21,14.31,14.31,3955111,0.0
2022-06-08,14.31,14.54,13.99,14.26,14.26,579571,0.0
2022-06-09,14.28,14.28,14.08,14.09,14.09,1796106,0.0
2022-06-10,14.06,14.49,13.92,14.21,14.21,4284341,0.0
2022-06-13,14.18,14.43,14.18,14.34,14.34,4380180,0.0
2022-06-14,14.35,14.42,14.35,14.39,14.39,2281415,0.0
2022-06-15,14.44,14.51,14.37,14.44,14.44,1475988,0.0
2022-06-16,14.41,14.54,13.87,14.2,14.2,2681970,0.0
2022-06-17,14.13,14.16,14.05,14.11,14.11,4216295,0.0
2022-06-20,14.14,14.82,14.14,14.76,14.76,4296552,0.0
2022-06-21,14.79,15.11,14.79,15.04,15.04,3732067,0.0
2022-06-22,15.05,15.19,14.96,15.07,15.07,3625817,0.0
2022-06-23,15.05,15.32,15.05,15.23,15.23,2644681,0.0
2022-06-24,15.22,15.3,15.2,15.25,15.25,2368688,0.0
2022-06-27,15.25,15.42,15.25,15.34,15.34,538248,0.0
2022-06-28,15.36,15.49,15.31,15.4,15.4,4027361,0.0
2022-06-29,15.41,15.83,15.41,15.63,15.63,4140227,0.0
2022-06-30,15.61,16.04,15.61,15.94,15.94,3263825,0.0
2022-07-01,15.92,16.55,15.54,16.04,16.04,1585950,0.0
2022-07-04,16.11,16.13,15.92,16.02,16.02,1700143,0.0
2022-07-05,16.02,16.19,16.02,16.1,16.1,1206494,0.0
2022-07-06,16.12,16.12,15.28,15.6,15.6,599280,0.0
2022-07-07,15.65,16.15,15.55,15.85,15.85,4766468,0.0
2022-07-08,15.88,15.88,15.12,15.45,15.45,4415775,0.0
2022-07-11,15.47,15.61,15.41,15.51,15.51,3775548,0.0
2022-07-12,15.56,15.98,15.56,15.81,15.81,3358243,0.0
2022-07-13,15.79,16.05,15.73,15.89,15.89,3863206,0.0
2022-07-14,15.85,16.1,15.71,15.91,15.91,1250555,0.0
2022-07-15,15.89,16.48,15.89,16.3,16.3,2505919,0.0
2022-07-18,16.3,16.3,15.78,15.8,15.8,2598669,0.0
2022-07-19,15.77,15.77,15.08,15.31,15.31,4700239,0.0
2022-07-20,15.32,15.89,15.32,15.66,15.66,4326783,0.0
2022-07-21,15.74,15.79,15.44,15.62,15.62,4556784,0.0
2022-07-22,15.6,15.62,15.26,15.44,15.44,3306889,0.0
2022-07-25,15.37,15.37,15.11,15.24,15.24,4548678,0.0
2022-07-26,15.26,15.44,15.24,15.34,15.34,1979963,0.0
2022-07-27,15.31,15.42,15.3,15.36,15.36,2756375,0.0
2022-07-28,15.34,15.34,15.22,15.22,15.22,322846,0.0
2022-07-29,15.21,15.24,15.13,15.18,15.18,1173397,0.0
2022-08-01,15.14,15.53,14.85,15.19,15.19,561886,0.0
2022-08-02,15.22,15.71,15.19,15.45,15.45,2066574,0.0
2022-08-03,15.49,15.49,15.14,15.21,15.21,3289115,0.0
2022-08-04,15.23,15.32,15.06,15.19,15.19,924686,0.0
2022-08-05,15.21,15.59,15.21,15.47,15.47,4909821,0.0
2022-08-08,15.49,15.95,15.49,15.75,15.75,3722885,0.0
2022-08-09,15.77,15.77,15.1,15.19,15.19,1123012,0.0
2022-08-10,15.19,15.44,15.19,15.38,15.38,1809133,0.0
2022-08-11,15.29,15.48,15.18,15.33,15.33,4422278,0.0
2022-08-12,15.3,15.83,15.3,15.72,15.72,3175695,0.0
2022-08-15,15.81,15.81,15.42,15.54,15.54,2185278,0.0
2022-08-16,15.52,15.52,14.64,14.77,14.77,1976549,0.0
2022-08-17,14.77,15.01,14.58,14.79,14.79,4839535,0.0
2022-08-18,14.83,14.83,14.57,14.63,14.63,2564496,0.0
2022-08-19,14.61,14.61,14.37,14.44,14.44,2300958,0.0
2022-08-22,14.47,14.74,14.47,14.61,14.61,4562082,0.0
2022-08-23,14.66,14.66,14.11,14.33,14.33,508894,0.0
2022-08-24,14.29,14.53,14.24,14.38,14.38,4889021,0.0
2022-08-25,14.38,14.54,14.37,14.46,14.46,1046112,0.0
2022-08-26,14.47,14.65,14.21,14.43,14.43,4424750,0.0
2022-08-29,14.42,14.7,14.19,14.45,14.45,4975851,0.0
2022-08-30,14.44,14.46,14.44,14.45,14.45,1086377,0.0
2022-08-31,14.49,14.87,14.49,14.7,14.7,2342919,0.0
2022-09-01,14.68,15.12,14.68,15.02,15.02,3274917,0.0
2022-09-02,15.02,15.32,15.02,15.3,15.3,709738,0.0
2022-09-05,15.28,15.28,14.85,15.01,15.01,383536,0.0
2022-09-06,14.97,14.99,14.93,14.96,14.96,4428051,0.0
2022-09-07,14.97,14.97,14.82,14.89,14.89,1055334,0.0
2022-09-08,14.9,14.9,14.42,14.55,14.55,3487128,0.0
2022-09-09,14.53,14.53,14.3,14.34,14.34,3374647,0.0
2022-09-12,14.32,14.65,14.32,14.59,14.59,523156,0.0
2022-09-13,14.61,14.61,14.44,14.46,14.46,3413002,0.0
2022-09-14,14.4,14.48,13.94,14.21,14.21,2694802,0.0
2022-09-15,14.18,14.62,14.18,14.52,14.52,2127880,0.0
2022-09-16,14.54,14.54,14.26,14.34,14.34,4173007,0.0
2022-09-19,14.4,14.84,14.4,14.64,14.64,4481435,0.0
2022-09-20,14.67,15.26,14.67,15.03,15.03,3427824,0.0
2022-09-21,15.02,15.15,14.97,15.06,15.06,1162005,0.0
2022-09-22,15.09,15.31,15.09,15.27,15.27,4174792,0.0
2022-09-23,15.25,15.53,14.89,15.21,15.21,2237183,0.0
2022-09-26,15.23,15.47,15.16,15.31,15.31,3400044,0.0
2022-09-27,15.3,15.66,15.3,15.61,15.61,4370857,0.0
2022-09-28,15.62,15.62,15.17,15.36,15.36,2025031,0.0
2022-09-29,15.34,15.34,14.62,14.79,14.79,2073454,0.0
2022-09-30,14.76,14.76,14.07,14.41,14.41,1643982,0.0
2022-10-03,14.43,15.04,14.43,14.88,14.88,3074519,0.0
2022-10-04,14.85,14.85,14.41,14.56,14.56,3391820,0.0
2022-10-05,14.56,14.78,14.56,14.76,14.76,2009489,0.0
2022-10-06,14.76,14.81,14.76,14.8,14.8,3953711,0.0
2022-10-07,14.77,15.2,14.5,14.85,14.85,4542423,0.0
2022-10-10,14.86,15.39,14.77,15.08,15.08,1746166,0.0
2022-10-11,15.08,15.41,14.98,15.2,15.2,4517568,0.0
2022-10-12,15.2,15.29,15.19,15.24,15.24,2303018,0.0
2022-10-13,15.24,15.56,15.24,15.54,15.54,3845171,0.0
2022-10-14,15.52,15.61,14.94,15.27,15.27,2461920,0.0
2022-10-17,15.33,15.33,14.84,15.05,15.05,4243912,0.0
2022-10-18,15.03,15.03,14.69,14.77,14.77,3089943,0.0
2022-10-19,14.69,15.13,14.69,15.03,15.03,3927472,0.0
2022-10-20,15.02,15.55,14.98,15.26,15.26,4760513,0.0
2022-10-21,15.26,15.26,15.05,15.1,15.1,3882617,0.0
2022-10-24,15.12,15.32,14.34,14.83,14.83,4774792,0.0
2022-10-25,14.82,15.26,14.82,15.15,15.15,2374802,0.0
2022-10-26,15.15,15.28,14.96,15.12,15.12,3789640,0.0
2022-10-27,15.13,15.48,15.13,15.32,15.32,2483101,0.0
2022-10-28,15.32,15.82,15.17,15.49,15.49,4016269,0.0
2022-10-31,15.47,15.63,14.96,15.3,15.3,4832949,0.0
2022-11-01,15.34,15.34,15.1,15.21,15.21,1479984,0.0
2022-11-02,15.15,15.43,14.66,15.04,15.04,2970284,0.0
2022-11-03,15.07,15.45,14.77,15.11,15.11,3440991,0.0
2022-11-04,15.12,15.5,15.12,15.49,15.49,1924492,0.0
2022-11-07,15.53,15.88,15.53,15.87,15.87,648663,0.0
2022-11-08,15.88,16.35,15.88,16.16,16.16,933354,0.0
2022-11-09,16.07,16.5,16.07,16.36,16.36,1516577,0.0
2022-11-10,16.38,16.61,16.26,16.43,16.43,822515,0.0
2022-11-11,16.46,16.49,16.46,16.47,16.47,2797875,0.0
2022-11-14,16.46,16.55,16.28,16.42,16.42,1320779,0.0
2022-11-15,16.45,16.45,16.18,16.3,16.3,1432139,0.0
2022-11-16,16.29,16.29,15.98,16.09,16.09,1042494,0.0
2022-11-17,16.01,16.1,15.94,16.02,16.02,4822160,0.0
2022-11-18,16.04,16.04,15.5,15.7,15.7,1995704,0.0
2022-11-21,15.73,15.73,15.53,15.56,15.56,3085820,0.0
2022-11-22,15.51,15.55,15.49,15.52,15.52,2400429,0.0
2022-11-23,15.57,15.88,15.3,15.59,15.59,1338199,0.0
2022-11-24,15.62,15.64,15.02,15.33,15.33,3433696,0.0
2022-11-25,15.32,15.42,15.32,15.4,15.4,4811991,0.0
2022-11-28,15.42,15.72,15.42,15.63,15.63,1060128,0.0
2022-11-29,15.59,16.0,15.59,15.85,15.85,805426,0.0
2022-11-30,15.86,15.86,15.2,15.41,15.41,156063,0.0
2022-12-01,15.43,15.85,15.2,15.52,15.52,4726110,0.0
2022-12-02,15.56,15.89,15.07,15.48,15.48,4878829,0.0
2022-12-05,15.5,15.5,15.27,15.3,15.3,4136604,0.0
2022-12-06,15.26,15.58,15.26,15.48,15.48,963882,0.0
2022-12-07,15.49,15.88,15.34,15.61,15.61,1521880,0.0
2022-12-08,15.65,15.92,15.57,15.75,15.75,3072627,0.0
2022-12-09,15.71,15.78,15.71,15.76,15.76,1697967,0.0
2022-12-12,15.76,15.76,15.63,15.68,15.68,3718053,0.0
2022-12-13,15.65,15.79,15.65,15.72,15.72,62599,0.0
2022-12-14,15.7,15.71,15.59,15.65,15.65,3552921,0.0
2022-12-15,15.65,15.89,15.57,15.73,15.73,1398390,0.0
2022-12-16,15.8,15.8,15.59,15.59,15.59,698165,0.0
2022-12-19,15.67,15.71,15.67,15.69,15.69,1213326,0.0
2022-12-20,15.71,15.88,15.71,15.82,15.82,985974,0.0
2022-12-21,15.82,16.0,15.41,15.71,15.71,4626040,0.0
2022-12-22,15.66,15.66,15.44,15.45,15.45,2427964,0.0
2022-12-23,15.42,15.42,14.95,14.98,14.98,3439878,0.0
2022-12-26,15.03,15.03,14.56,14.6,14.6,1232981,0.0
2022-12-27,14.58,14.87,14.34,14.61,14.61,4769990,0.0
2022-12-28,14.68,14.68,14.38,14.51,14.51,826801,0.0
2022-12-29,14.46,14.46,14.08,14.15,14.15,1147973,0.0
2022-12-30,14.17,14.17,13.94,13.94,13.94,3231008,0.0
2023-01-02,13.95,14.36,13.79,14.07,14.07,1241594,0.0
2023-01-03,14.07,14.29,14.07,14.24,14.24,3390548,0.0
2023-01-04,14.25,14.44,14.23,14.34,14.34,4562927,0.0
2023-01-05,14.31,14.49,13.77,14.13,14.13,328837,0.0
2023-01-06,14.07,14.07,13.51,13.65,13.65,1982977,0.0
2023-01-09,13.68,13.84,13.68,13.81,13.81,4887008,0.0
2023-01-10,13.76,14.2,13.76,14.07,14.07,3680814,0.0
2023-01-11,14.05,14.07,13.91,13.99,13.99,2809672,0.0
2023-01-12,13.99,14.31,13.99,14.21,14.21,4240645,0.0
2023-01-13,14.25,14.35,13.66,14.0,14.0,4312164,0.0
2023-01-16,14.03,14.53,14.03,14.36,14.36,245311,0.0
2023-01-17,14.34,14.45,14.18,14.32,14.32,613506,0.0
2023-01-18,14.33,14.52,14.33,14.44,14.44,693698,0.0
2023-01-19,14.44,14.44,14.22,14.28,14.28,337214,0.0
2023-01-20,14.24,14.38,14.24,14.33,14.33,1011544,0.0
2023-01-23,14.32,14.32,13.79,13.94,13.94,3647471,0.0
2023-01-24,13.89,14.23,13.89,14.14,14.14,3007820,0.0
2023-01-25,14.16,14.16,13.8,13.93,13.93,1813227,0.0
2023-01-26,13.99,14.34,13.99,14.24,14.24,2678147,0.0
2023-01-27,14.21,14.81,14.21,14.66,14.66,2919568,0.0
2023-01-30,14.68,14.68,14.5,14.59,14.59,1261109,0.0
2023-01-31,14.57,14.64,14.57,14.62,14.62,3424251,0.0
2023-02-01,14.58,14.58,14.08,14.29,14.29,3767460,0.0
2023-02-02,14.31,14.39,14.31,14.37,14.37,2791930,0.0
2023-02-03,14.34,14.91,14.15,14.53,14.53,2029458,0.0
2023-02-06,14.52,14.74,14.52,14.73,14.73,3091291,0.0
2023-02-07,14.71,14.71,14.2,14.34,14.34,3114772,0.0
2023-02-08,14.32,14.32,13.84,13.94,13.94,2985136,0.0
2023-02-09,13.98,14.37,13.98,14.23,14.23,1430695,0.0
2023-02-10,14.16,14.19,14.05,14.12,14.12,369798,0.0
2023-02-13,14.15,14.15,13.53,13.58,13.58,4331924,0.0
2023-02-14,13.56,13.56,13.34,13.42,13.42,4496220,0.0
2023-02-15,13.42,13.59,13.17,13.38,13.38,4036324,0.0
2023-02-16,13.37,13.45,13.36,13.41,13.41,4489085,0.0
2023-02-17,13.43,13.81,13.43,13.78,13.78,1489896,0.0
2023-02-20,13.79,14.01,13.59,13.8,13.8,625324,0.0
2023-02-21,13.78,13.87,13.78,13.86,13.86,4042086,0.0
2023-02-22,13.85,13.94,13.84,13.89,13.89,1301710,0.0
2023-02-23,13.89,14.21,13.89,14.2,14.2,4747838,0.0
2023-02-24,14.19,14.73,14.19,14.63,14.63,4113523,0.0
2023-02-27,14.64,14.93,14.64,14.8,14.8,1735052,0.0
2023-02-28,14.78,15.02,14.56,14.79,14.79,1013703,0.0
2023-03-01,14.76,14.8,14.73,14.77,14.77,3051061,0.0
2023-03-02,14.77,14.77,14.42,14.45,14.45,4421429,0.0
2023-03-03,14.48,14.67,14.48,14.65,14.65,2591575,0.0
2023-03-06,14.64,14.64,14.57,14.57,14.57,2364712,0.0
2023-03-07,14.57,14.86,14.57,14.84,14.84,3388491,0.0
2023-03-08,14.77,14.84,14.22,14.53,14.53,3304237,0.0
2023-03-09,14.51,14.64,14.29,14.47,14.47,2486443,0.0
2023-03-10,14.47,14.47,14.05,14.2,14.2,1508965,0.0
2023-03-13,14.24,14.36,13.73,14.05,14.05,3037766,0.0
2023-03-14,14.03,14.24,13.71,13.98,13.98,1424609,0.0
2023-03-15,14.0,14.41,13.68,14.05,14.05,3897440,0.0
2023-03-16,14.07,14.08,13.93,14.0,14.0,1454986,0.0
2023-03-17,14.01,14.01,13.79,13.88,13.88,1046392,0.0
2023-03-20,13.85,13.85,13.54,13.56,13.56,1123245,0.0
2023-03-21,13.56,13.56,13.1,13.27,13.27,2975697,0.0
2023-03-22,13.31,13.31,13.06,13.11,13.11,2887631,0.0
2023-03-23,13.14,13.14,12.76,12.89,12.89,4941944,0.0
2023-03-24,12.88,13.08,12.55,12.82,12.82,2487789,0.0
2023-03-27,12.8,13.38,12.8,13.23,13.23,1030898,0.0
2023-03-28,13.22,13.22,12.93,12.97,12.97,1602144,0.0
2023-03-29,12.97,13.04,12.89,12.97,12.97,3321707,0.0
2023-03-30,12.95,13.48,12.95,13.23,13.23,575825,0.0
2023-03-31,13.21,13.58,13.21,13.42,13.42,2730710,0.0
2023-04-03,13.39,13.77,13.34,13.55,13.55,2321534,0.0
2023-04-04,13.56,13.79,13.39,13.59,13.59,4208137,0.0
2023-04-05,13.56,13.91,13.56,13.83,13.83,4619404,0.0
2023-04-06,13.84,13.84,13.34,13.41,13.41,1892993,0.0
2023-04-07,13.47,13.67,12.89,13.28,13.28,4500878,0.0
2023-04-10,13.27,13.77,13.27,13.64,13.64,849813,0.0
2023-04-11,13.62,13.68,13.34,13.51,13.51,3954960,0.0
2023-04-12,13.49,13.93,13.49,13.78,13.78,475338,0.0
2023-04-13,13.76,13.76,13.36,13.46,13.46,4807079,0.0
2023-04-14,13.5,13.54,13.5,13.52,13.52,4310850,0.0
2023-04-17,13.5,13.5,13.0,13.11,13.11,3603290,0.0
2023-04-18,13.08,13.37,13.02,13.2,13.2,3187819,0.0
2023-04-19,13.17,13.32,13.17,13.32,13.32,3033057,0.0
2023-04-20,13.26,13.26,12.99,13.07,13.07,4351061,0.0
2023-04-21,13.11,13.14,12.82,12.98,12.98,54584,0.0
2023-04-24,12.94,13.07,12.6,12.84,12.84,3096858,0.0
2023-04-25,12.86,13.07,12.86,12.99,12.99,2670688,0.0
2023-04-26,12.96,13.13,12.96,13.11,13.11,3860840,0.0
2023-04-27,13.13,13.2,13.13,13.18,13.18,73435,0.0
2023-04-28,13.15,13.23,13.15,13.23,13.23,4045904,0.0
2023-05-01,13.26,13.3,13.26,13.29,13.29,682625,0.0
2023-05-02,13.23,13.35,13.17,13.26,13.26,2987710,0.0
2023-05-03,13.26,13.26,13.18,13.21,13.21,862226,0.0
2023-05-04,13.2,13.28,13.15,13.22,13.22,811530,0.0
2023-05-05,13.18,13.61,13.18,13.58,13.58,3046853,0.0
2023-05-08,13.61,13.61,13.42,13.46,13.46,381856,0.0
2023-05-09,13.47,13.65,13.47,13.59,13.59,4131281,0.0
2023-05-10,13.57,13.57,13.21,13.38,13.38,778285,0.0
2023-05-11,13.41,13.62,13.34,13.48,13.48,2176478,0.0
2023-05-12,13.51,13.89,13.39,13.64,13.64,3658801,0.0
2023-05-15,13.63,13.84,13.63,13.81,13.81,3657615,0.0
2023-05-16,13.81,13.81,13.58,13.59,13.59,4800008,0.0
2023-05-17,13.6,13.6,13.19,13.37,13.37,2453383,0.0
2023-05-18,13.33,13.94,13.33,13.78,13.78,4579911,0.0
2023-05-19,13.77,13.77,13.43,13.59,13.59,4832724,0.0
2023-05-22,13.59,13.59,13.42,13.47,13.47,4807796,0.0
2023-05-23,13.49,13.71,13.27,13.49,13.49,1446665,0.0
2023-05-24,13.48,13.52,13.0,13.26,13.26,4693728,0.0
2023-05-25,13.27,13.7,13.27,13.53,13.53,1807400,0.0
2023-05-26,13.51,13.98,13.51,13.93,13.93,2518500,0.0
2023-05-29,13.93,13.93,13.37,13.52,13.52,905532,0.0
2023-05-30,13.51,14.22,13.39,13.81,13.81,1760037,0.0
2023-05-31,13.8,13.97,13.8,13.92,13.92,572930,0.0
2023-06-01,13.88,14.17,13.88,14.03,14.03,237062,0.0
2023-06-02,14.03,14.03,13.76,13.79,13.79,4398545,0.0
2023-06-05,13.78,14.28,13.78,14.12,14.12,3792434,0.0
2023-06-06,14.14,14.14,13.69,13.87,13.87,4690224,0.0
2023-06-07,13.87,14.06,13.47,13.77,13.77,1156520,0.0
2023-06-08,13.74,14.16,13.74,13.95,13.95,370280,0.0
2023-06-09,13.95,13.95,13.71,13.75,13.75,657809,0.0
2023-06-12,13.71,13.81,13.6,13.7,13.7,3630033,0.0
2023-06-13,13.73,14.3,13.73,14.03,14.03,91794,0.0
2023-06-14,14.06,14.06,13.51,13.58,13.58,2046447,0.0
2023-06-15,13.6,13.95,13.6,13.86,13.86,2815764,0.0
2023-06-16,13.82,13.86,13.81,13.84,13.84,2809636,0.0
2023-06-19,13.84,14.25,13.84,14.08,14.08,535119,0.0
2023-06-20,14.06,14.06,13.43,13.6,13.6,3332531,0.0
2023-06-21,13.62,13.62,13.23,13.32,13.32,2335373,0.0
2023-06-22,13.32,13.8,13.32,13.58,13.58,3589864,0.0
2023-06-23,13.58,13.93,13.47,13.7,13.7,3789505,0.0
2023-06-26,13.67,14.12,13.67,13.93,13.93,982490,0.0
2023-06-27,13.93,13.93,13.86,13.86,13.86,427188,0.0
2023-06-28,13.84,14.15,13.71,13.93,13.93,2278424,0.0
2023-06-29,13.95,14.19,13.82,14.0,14.0,330796,0.0
2023-06-30,13.99,13.99,13.69,13.77,13.77,1727338,0.0
2023-07-03,13.75,13.91,13.6,13.75,13.75,4728147,0.0
2023-07-04,13.74,13.99,13.59,13.79,13.79,4808283,0.0
2023-07-05,13.77,13.81,13.25,13.53,13.53,1886557,0.0
2023-07-06,13.57,13.99,13.57,13.95,13.95,4153239,0.0
2023-07-07,13.88,14.21,13.88,14.06,14.06,2424404,0.0
2023-07-10,14.05,14.05,13.91,13.96,13.96,335632,0.0
2023-07-11,13.96,14.25,13.8,14.03,14.03,684152,0.0
2023-07-12,14.06,14.61,14.06,14.39,14.39,3971891,0.0
2023-07-13,14.36,14.73,14.16,14.44,14.44,3788895,0.0
2023-07-14,14.44,14.89,14.44,14.71,14.71,3322899,0.0
2023-07-17,14.67,15.19,14.67,15.17,15.17,1372798,0.0
2023-07-18,15.21,15.21,14.39,14.52,14.52,2516657,0.0
2023-07-19,14.52,14.52,14.32,14.41,14.41,1260849,0.0
2023-07-20,14.38,14.9,14.38,14.82,14.82,2805902,0.0
2023-07-21,14.87,14.87,14.79,14.79,14.79,1231357,0.0
2023-07-24,14.82,14.82,14.35,14.4,14.4,3008351,0.0
2023-07-25,14.4,14.52,14.4,14.5,14.5,4819407,0.0
2023-07-26,14.5,14.94,14.5,14.79,14.79,2379209,0.0
2023-07-27,14.81,15.05,14.64,14.85,14.85,2861668,0.0
2023-07-28,14.77,15.02,14.74,14.88,14.88,120316,0.0
2023-07-31,14.85,15.2,14.85,15.08,15.08,202437,0.0
2023-08-01,15.07,15.07,14.59,14.68,14.68,4264557,0.0
2023-08-02,14.71,14.71,13.98,14.19,14.19,741209,0.0
2023-08-03,14.15,14.15,13.54,13.64,13.64,3057290,0.0
2023-08-04,13.67,13.74,13.5,13.62,13.62,2706925,0.0
2023-08-07,13.58,13.77,13.57,13.67,13.67,1843479,0.0
2023-08-08,13.67,13.83,13.54,13.68,13.68,2257084,0.0
2023-08-09,13.73,13.73,13.29,13.4,13.4,1636433,0.0
2023-08-10,13.39,13.44,13.33,13.39,13.39,821596,0.0
2023-08-11,13.44,13.44,13.22,13.33,13.33,1427223,0.0
2023-08-14,13.35,13.44,13.03,13.24,13.24,781436,0.0
2023-08-15,13.24,13.6,13.23,13.41,13.41,1265118,0.0
2023-08-16,13.39,13.76,13.39,13.67,13.67,3504811,0.0
2023-08-17,13.65,13.75,13.64,13.7,13.7,4993087,0.0
2023-08-18,13.69,13.69,13.34,13.38,13.38,3565044,0.0
2023-08-21,13.45,13.71,13.4,13.56,13.56,1327711,0.0
2023-08-22,13.58,14.22,13.54,13.88,13.88,3158669,0.0
2023-08-23,13.89,14.04,13.79,13.92,13.92,3003338,0.0
2023-08-24,13.9,13.9,13.68,13.7,13.7,2055941,0.0
2023-08-25,13.75,13.75,13.35,13.41,13.41,1565871,0.0
2023-08-28,13.46,13.46,13.29,13.31,13.31,374072,0.0
2023-08-29,13.32,13.38,13.03,13.2,13.2,4530501,0.0
2023-08-30,13.19,13.33,13.19,13.28,13.28,1968695,0.0
2023-08-31,13.28,13.46,13.28,13.4,13.4,482948,0.0
2023-09-01,13.37,13.44,13.37,13.44,13.44,2704623,0.0
2023-09-04,13.4,13.4,13.37,13.37,13.37,2791387,0.0
2023-09-05,13.43,13.68,13.19,13.44,13.44,1428566,0.0
2023-09-06,13.44,13.76,13.44,13.62,13.62,1432086,0.0
2023-09-07,13.65,13.81,13.44,13.62,13.62,2352873,0.0
2023-09-08,13.61,13.71,13.3,13.51,13.51,3951258,0.0
2023-09-11,13.52,13.54,13.39,13.47,13.47,176980,0.0
2023-09-12,13.47,13.47,13.25,13.33,13.33,1500045,0.0
2023-09-13,13.3,13.48,12.99,13.24,13.24,4325548,0.0
2023-09-14,13.25,13.42,13.05,13.23,13.23,1618960,0.0
2023-09-15,13.23,13.33,13.13,13.23,13.23,4981244,0.0
2023-09-18,13.25,13.25,12.76,12.79,12.79,582717,0.0
2023-09-19,12.74,12.99,12.74,12.9,12.9,4239620,0.0
2023-09-20,12.89,12.89,12.55,12.66,12.66,3247057,0.0
2023-09-21,12.61,12.61,12.35,12.44,12.44,1227146,0.0
2023-09-22,12.43,12.95,12.43,12.82,12.82,2209562,0.0
2023-09-25,12.79,12.79,12.49,12.56,12.56,2768374,0.0
2023-09-26,12.56,12.67,12.56,12.65,12.65,4381040,0.0
2023-09-27,12.61,12.73,12.59,12.66,12.66,4427143,0.0
2023-09-28,12.64,12.64,12.19,12.33,12.33,1602637,0.0
2023-09-29,12.33,12.77,12.33,12.58,12.58,4492928,0.0
2023-10-02,12.55,12.87,12.55,12.8,12.8,596441,0.0
2023-10-03,12.79,12.99,12.76,12.88,12.88,2295402,0.0
2023-10-04,12.9,13.14,12.69,12.92,12.92,66086,0.0
2023-10-05,12.87,12.87,12.53,12.59,12.59,98691,0.0
2023-10-06,12.54,12.76,12.49,12.62,12.62,3759268,0.0
2023-10-09,12.63,12.93,12.63,12.92,12.92,1050100,0.0
2023-10-10,12.91,13.01,12.75,12.88,12.88,4452309,0.0
2023-10-11,12.86,12.86,12.53,12.7,12.7,3954436,0.0
2023-10-12,12.65,12.94,12.61,12.78,12.78,2759741,0.0
2023-10-13,12.77,13.02,12.65,12.83,12.83,1882799,0.0
2023-10-16,12.81,12.82,12.8,12.81,12.81,3471670,0.0
2023-10-17,12.81,13.16,12.6,12.88,12.88,2261738,0.0
2023-10-18,12.88,13.18,12.83,13.0,13.0,693758,0.0
2023-10-19,13.02,13.3,12.79,13.04,13.04,863822,0.0
2023-10-20,13.03,13.27,13.03,13.2,13.2,2362478,0.0
2023-10-23,13.25,13.25,12.83,12.99,12.99,105680,0.0
2023-10-24,12.98,13.68,12.98,13.34,13.34,3227888,0.0
2023-10-25,13.37,13.38,13.14,13.26,13.26,2745905,0.0
2023-10-26,13.21,13.38,12.69,13.03,13.03,930788,0.0
2023-10-27,13.04,13.06,13.04,13.05,13.05,1449935,0.0
2023-10-30,13.05,13.74,13.05,13.5,13.5,3585841,0.0
2023-10-31,13.49,13.63,13.14,13.39,13.39,4232781,0.0
2023-11-01,13.38,13.88,13.38,13.79,13.79,489951,0.0
2023-11-02,13.82,14.03,13.82,14.01,14.01,2635427,0.0
2023-11-03,14.03,14.03,13.48,13.63,13.63,4200441,0.0
2023-11-06,13.61,13.61,13.3,13.37,13.37,3108812,0.0
2023-11-07,13.42,13.42,13.02,13.19,13.19,2834919,0.0
2023-11-08,13.22,13.25,13.13,13.19,13.19,1011805,0.0
2023-11-09,13.21,13.23,12.72,12.97,12.97,4970482,0.0
2023-11-10,12.99,12.99,12.8,12.8,12.8,4421548,0.0
2023-11-13,12.76,12.79,12.69,12.74,12.74,560768,0.0
2023-11-14,12.79,13.16,12.79,13.08,13.08,689081,0.0
2023-11-15,13.07,13.54,13.07,13.4,13.4,4485286,0.0
2023-11-16,13.41,13.67,13.4,13.53,13.53,409205,0.0
2023-11-17,13.48,13.67,13.44,13.56,13.56,1183830,0.0
2023-11-20,13.55,13.6,13.55,13.58,13.58,220623,0.0
2023-11-21,13.6,13.69,13.54,13.62,13.62,745458,0.0
2023-11-22,13.61,13.82,13.29,13.55,13.55,983826,0.0
2023-11-23,13.54,13.67,13.54,13.63,13.63,3570096,0.0
2023-11-24,13.6,14.07,13.6,14.0,14.0,2548427,0.0
2023-11-27,13.98,13.98,13.76,13.83,13.83,4158992,0.0
2023-11-28,13.85,13.94,13.79,13.86,13.86,1006420,0.0
2023-11-29,13.84,13.84,13.68,13.68,13.68,4409225,0.0
2023-11-30,13.65,13.72,13.65,13.72,13.72,3323747,0.0
2023-12-01,13.66,13.73,13.18,13.46,13.46,4210634,0.0
2023-12-04,13.46,13.46,13.07,13.13,13.13,1353342,0.0
2023-12-05,13.15,13.5,12.86,13.18,13.18,4768469,0.0
2023-12-06,13.2,13.69,13.2,13.54,13.54,4875856,0.0
2023-12-07,13.54,13.66,13.54,13.61,13.61,2838160,0.0
2023-12-08,13.61,13.61,13.17,13.31,13.31,477519,0.0
2023-12-11,13.32,13.32,13.0,13.06,13.06,422716,0.0
2023-12-12,13.06,13.06,12.65,12.8,12.8,2728391,0.0
2023-12-13,12.81,12.92,12.55,12.74,12.74,1657650,0.0
2023-12-14,12.71,12.79,12.26,12.53,12.53,1585053,0.0
2023-12-15,12.56,12.71,12.56,12.71,12.71,4663046,0.0
2023-12-18,12.73,12.73,12.3,12.5,12.5,332696,0.0
2023-12-19,12.48,12.5,12.34,12.42,12.42,2126763,0.0
2023-12-20,12.41,12.65,12.41,12.61,12.61,1914765,0.0
2023-12-21,12.63,12.72,12.63,12.7,12.7,1133832,0.0
2023-12-22,12.67,12.69,12.47,12.58,12.58,454417,0.0
2023-12-25,12.61,12.91,12.61,12.86,12.86,3016605,0.0
2023-12-26,12.85,12.85,12.65,12.68,12.68,3688156,0.0
2023-12-27,12.69,12.69,12.31,12.49,12.49,3868373,0.0
2023-12-28,12.51,12.63,12.5,12.57,12.57,2116379,0.0
2023-12-29,12.56,12.56,12.33,12.41,12.41,843366,0.0
2024-01-02,12.45,13.02,12.45,12.79,12.79,430304,0.0
2024-01-03,12.74,13.19,12.74,13.15,13.15,3920360,0.0
2024-01-04,13.13,13.13,12.93,12.98,12.98,3631805,0.0
2024-01-05,12.98,12.98,12.79,12.84,12.84,1754573,0.0
2024-01-08,12.82,12.86,12.82,12.84,12.84,2674223,0.0
2024-01-09,12.81,13.2,12.81,13.01,13.01,4501705,0.0
2024-01-10,12.97,13.09,12.97,13.06,13.06,1608059,0.0
2024-01-11,13.06,13.06,12.63,12.68,12.68,343693,0.0
2024-01-12,12.69,12.83,12.52,12.68,12.68,4445265,0.0
2024-01-15,12.66,12.95,12.29,12.62,12.62,1512357,0.0
2024-01-16,12.65,12.65,12.43,12.46,12.46,4241974,0.0
2024-01-17,12.48,12.52,12.48,12.51,12.51,4478556,0.0
2024-01-18,12.54,12.84,12.54,12.76,12.76,4053175,0.0
2024-01-19,12.76,12.89,12.73,12.81,12.81,2658634,0.0
2024-01-22,12.79,12.94,12.57,12.75,12.75,760879,0.0
2024-01-23,12.73,13.12,12.73,12.93,12.93,3404197,0.0
2024-01-24,12.99,13.01,12.97,12.99,12.99,2299748,0.0
2024-01-25,12.96,12.96,12.84,12.86,12.86,4294976,0.0
2024-01-26,12.84,12.91,12.67,12.79,12.79,2986215,0.0
2024-01-29,12.78,12.86,12.5,12.68,12.68,4417040,0.0
2024-01-30,12.68,12.8,12.34,12.57,12.57,3851910,0.0
2024-01-31,12.58,12.58,12.53,12.54,12.54,2446062,0.0
2024-02-01,12.53,12.87,12.53,12.84,12.84,1603059,0.0
2024-02-02,12.87,13.01,12.59,12.8,12.8,3236364,0.0
2024-02-05,12.8,13.29,12.8,13.15,13.15,683742,0.0
2024-02-06,13.16,13.16,12.82,12.9,12.9,4684612,0.0
2024-02-07,12.94,12.94,12.76,12.78,12.78,3527666,0.0
2024-02-08,12.76,12.76,12.66,12.71,12.71,2291087,0.0
2024-02-09,12.7,13.16,12.7,12.96,12.96,3496849,0.0
2024-02-12,12.96,13.2,12.89,13.05,13.05,4100053,0.0
2024-02-13,13.06,13.34,13.06,13.28,13.28,4067297,0.0
2024-02-14,13.24,13.6,13.13,13.36,13.36,175953,0.0
2024-02-15,13.4,13.4,13.22,13.27,13.27,1803714,0.0
2024-02-16,13.27,13.27,12.89,13.01,13.01,3268952,0.0
2024-02-19,12.98,12.98,12.72,12.75,12.75,2640221,0.0
2024-02-20,12.76,12.93,12.76,12.93,12.93,1181885,0.0
2024-02-21,12.9,12.97,12.63,12.8,12.8,4861317,0.0
2024-02-22,12.81,12.81,12.39,12.41,12.41,2659223,0.0
2024-02-23,12.42,12.42,12.06,12.19,12.19,2429759,0.0
2024-02-26,12.17,12.17,11.69,11.8,11.8,1368569,0.0
2024-02-27,11.82,11.84,11.8,11.82,11.82,2080681,0.0
2024-02-28,11.82,12.01,11.82,11.96,11.96,575969,0.0
2024-02-29,11.94,11.94,11.7,11.79,11.79,4153254,0.0
2024-03-01,11.77,11.77,11.52,11.61,11.61,677367,0.0
2024-03-04,11.59,11.59,11.27,11.31,11.31,653878,0.0
2024-03-05,11.29,11.44,11.08,11.26,11.26,3460310,0.0
2024-03-06,11.26,11.45,10.95,11.2,11.2,1030933,0.0
2024-03-07,11.2,11.38,11.0,11.19,11.19,2533189,0.0
2024-03-08,11.2,11.54,10.87,11.2,11.2,1059012,0.0
2024-03-11,11.19,11.19,11.06,11.13,11.13,1180247,0.0
2024-03-12,11.14,11.4,11.12,11.26,11.26,1707177,0.0
2024-03-13,11.27,11.45,11.27,11.44,11.44,737904,0.0
2024-03-14,11.45,11.52,11.42,11.47,11.47,874519,0.0
2024-03-15,11.45,11.64,11.45,11.59,11.59,2032024,0.0
2024-03-18,11.58,11.58,11.35,11.35,11.35,2778049,0.0
2024-03-19,11.31,11.57,11.31,11.57,11.57,1950770,0.0
2024-03-20,11.55,12.0,11.55,11.86,11.86,2155351,0.0
2024-03-21,11.85,12.17,11.85,12.13,12.13,3897030,0.0
2024-03-22,12.18,12.38,12.18,12.31,12.31,4676563,0.0
2024-03-25,12.29,12.37,12.04,12.2,12.2,3471499,0.0
2024-03-26,12.21,12.48,12.21,12.36,12.36,185712,0.0
2024-03-27,12.31,12.31,11.85,12.02,12.02,1286507,0.0
2024-03-28,12.03,12.21,11.84,12.02,12.02,160312,0.0
2024-04-02,12.01,12.01,11.96,11.98,11.98,4275495,0.0
2024-04-03,11.97,12.4,11.97,12.34,12.34,1788877,0.0
2024-04-04,12.3,12.91,12.3,12.78,12.78,1003130,0.0
2024-04-05,12.8,12.8,12.44,12.48,12.48,1102796,0.0
2024-04-08,12.5,12.65,12.34,12.49,12.49,2960351,0.0
2024-04-09,12.49,12.57,12.21,12.39,12.39,3057691,0.0
2024-04-10,12.37,12.68,12.37,12.57,12.57,2117236,0.0
2024-04-11,12.61,12.61,12.45,12.52,12.52,3580639,0.0
2024-04-12,12.48,12.86,12.48,12.84,12.84,2712278,0.0
2024-04-15,12.82,13.1,12.82,12.98,12.98,3775403,0.0
2024-04-16,12.95,13.06,12.8,12.93,12.93,3180651,0.0
2024-04-17,12.94,13.2,12.94,13.15,13.15,797515,0.0
2024-04-18,13.21,13.21,12.92,13.07,13.07,2233699,0.0
2024-04-19,13.09,13.09,13.01,13.01,13.01,296731,0.0
2024-04-22,13.01,13.33,12.91,13.12,13.12,1031115,0.0
2024-04-23,13.14,13.27,13.08,13.17,13.17,4749894,0.0
2024-04-24,13.17,13.2,13.07,13.13,13.13,1251199,0.0
2024-04-25,13.07,13.72,13.07,13.51,13.51,1664110,0.0
2024-04-26,13.53,13.74,13.53,13.69,13.69,1723991,0.0
2024-04-29,13.7,13.7,13.52,13.59,13.59,2760193,0.0
2024-04-30,13.56,13.84,13.56,13.7,13.7,1811101,0.0
2024-05-02,13.69,14.09,13.65,13.87,13.87,287731,0.0
2024-05-03,13.86,14.12,13.86,14.04,14.04,2427231,0.0
2024-05-06,14.07,14.21,13.79,14.0,14.0,2324309,0.0
2024-05-07,14.0,14.0,13.91,13.93,13.93,2771494,0.0
2024-05-08,13.95,13.95,13.72,13.77,13.77,1418314,0.0
2024-05-09,13.78,14.09,13.59,13.84,13.84,168170,0.0
2024-05-10,13.87,14.15,13.87,14.04,14.04,1815261,0.0
2024-05-13,14.02,14.25,14.02,14.14,14.14,4509310,0.0
2024-05-14,14.11,14.41,14.11,14.37,14.37,2373982,0.0
2024-05-15,14.32,14.74,14.32,14.61,14.61,4705171,0.0
2024-05-16,14.6,14.6,14.47,14.53,14.53,2821568,0.0
2024-05-17,14.52,14.91,14.52,14.75,14.75,3390985,0.0
2024-05-20,14.69,14.88,14.39,14.63,14.63,317801,0.0
2024-05-21,14.67,14.68,14.63,14.66,14.66,377185,0.0
2024-05-22,14.64,14.64,14.17,14.22,14.22,4497623,0.0
2024-05-23,14.22,14.22,13.86,13.92,13.92,2690774,0.0
2024-05-24,13.92,14.1,13.49,13.8,13.8,4744904,0.0
2024-05-27,13.82,14.35,13.8,14.07,14.07,3348993,0.0
2024-05-28,14.09,14.5,14.09,14.45,14.45,4089346,0.0
2024-05-29,14.49,14.49,14.34,14.4,14.4,4793188,0.0
2024-05-30,14.35,14.58,14.11,14.34,14.34,3581845,0.0
2024-05-31,14.35,14.4,13.98,14.19,14.19,2539002,0.0
2024-06-03,14.18,14.81,13.99,14.4,14.4,4607065,0.0
2024-06-04,14.44,14.51,14.42,14.46,14.46,2246414,0.0
2024-06-05,14.46,14.71,14.34,14.52,14.52,4446068,0.0
2024-06-06,14.61,14.85,14.61,14.79,14.79,4203777,0.0
2024-06-07,14.9,15.19,14.82,15.01,15.01,1849180,0.0
2024-06-10,15.01,15.46,15.01,15.33,15.33,2075989,0.0
2024-06-11,15.29,15.68,15.29,15.59,15.59,2827604,0.0
2024-06-12,15.59,15.59,15.2,15.33,15.33,1821466,0.0
2024-06-13,15.3,15.66,15.21,15.43,15.43,4482505,0.0
2024-06-14,15.44,15.44,15.21,15.31,15.31,2680503,0.0
2024-06-18,15.3,15.3,14.79,14.92,14.92,518684,0.0
2024-06-19,14.91,14.91,14.41,14.56,14.56,1323701,0.0
2024-06-20,14.6,14.6,14.22,14.31,14.31,944513,0.0
2024-06-21,14.35,14.35,14.26,14.27,14.27,3105194,0.0
2024-06-24,14.25,14.44,14.05,14.24,14.24,3943981,0.0
2024-06-25,14.22,14.38,14.0,14.19,14.19,3659484,0.0
2024-06-26,14.18,14.18,13.99,14.01,14.01,1149852,0.0
2024-06-27,14.05,14.05,13.63,13.81,13.81,3798116,0.0
2024-06-28,13.82,13.82,13.4,13.53,13.53,4882191,0.0
2024-07-01,13.56,13.56,13.3,13.31,13.31,2824903,0.0
2024-07-02,13.33,13.33,12.85,13.0,13.0,4055514,0.0
2024-07-03,12.98,13.57,12.98,13.35,13.35,1159244,0.0
2024-07-04,13.33,13.33,12.91,12.91,12.91,2804331,0.0
2024-07-05,12.92,12.92,12.34,12.48,12.48,3943464,0.0
2024-07-08,12.47,12.56,12.47,12.53,12.53,410851,0.0
2024-07-09,12.51,12.65,12.51,12.63,12.63,4260543,0.0
2024-07-10,12.57,13.0,12.53,12.77,12.77,194224,0.0
2024-07-11,12.78,12.78,12.52,12.6,12.6,4528856,0.0
2024-07-12,12.57,12.85,12.57,12.73,12.73,1715768,0.0
2024-07-15,12.73,12.73,12.44,12.56,12.56,4208093,0.0
2024-07-16,12.59,12.59,12.24,12.36,12.36,2945319,0.0
2024-07-17,12.35,12.63,12.35,12.52,12.52,2152546,0.0
2024-07-18,12.52,12.86,12.5,12.68,12.68,2943769,0.0
2024-07-19,12.7,12.88,12.7,12.83,12.83,4496219,0.0
2024-07-22,12.83,12.83,12.75,12.77,12.77,87348,0.0
2024-07-23,12.73,13.0,12.73,12.92,12.92,3730892,0.0
2024-07-24,12.9,13.13,12.9,13.01,13.01,658246,0.0
2024-07-25,13.0,13.0,12.9,12.91,12.91,3056511,0.0
2024-07-26,12.92,13.57,12.92,13.26,13.26,3826133,0.0
2024-07-29,13.26,13.58,13.26,13.45,13.45,855040,0.0
2024-07-30,13.43,13.94,13.43,13.9,13.9,3820858,0.0
2024-07-31,13.88,14.21,13.88,14.18,14.18,4215143,0.0
2024-08-01,14.21,14.38,13.9,14.14,14.14,4415110,0.0
2024-08-02,14.15,14.66,13.98,14.32,14.32,3232956,0.0
2024-08-05,14.36,14.36,14.11,14.2,14.2,2516435,0.0
2024-08-06,14.21,14.49,14.21,14.36,14.36,4349079,0.0
2024-08-07,14.38,14.38,14.28,14.29,14.29,3887386,0.0
2024-08-08,14.28,14.41,14.17,14.29,14.29,671548,0.0
2024-08-09,14.28,14.81,14.24,14.53,14.53,2394118,0.0
2024-08-12,14.54,14.78,14.54,14.71,14.71,3144324,0.0
2024-08-13,14.75,14.94,14.5,14.72,14.72,4966742,0.0
2024-08-14,14.69,14.69,14.42,14.5,14.5,1945986,0.0
2024-08-15,14.53,14.53,14.06,14.14,14.14,1337585,0.0
2024-08-16,14.17,14.72,14.17,14.47,14.47,4309620,0.0
2024-08-19,14.47,14.94,14.47,14.76,14.76,2518326,0.0
2024-08-20,14.75,15.16,14.68,14.92,14.92,155152,0.0
2024-08-21,14.93,15.43,14.86,15.14,15.14,4182268,0.0
2024-08-22,15.17,15.28,14.82,15.05,15.05,300027,0.0
2024-08-23,15.07,15.17,15.07,15.15,15.15,522791,0.0
2024-08-26,15.15,15.15,14.66,14.75,14.75,1960990,0.0
2024-08-27,14.75,14.75,14.64,14.65,14.65,1326019,0.0
2024-08-28,14.63,15.03,14.63,14.87,14.87,2622037,0.0
2024-08-29,14.84,14.97,14.84,14.9,14.9,859521,0.0
2024-08-30,14.93,15.38,14.93,15.25,15.25,2254742,0.0
2024-09-02,15.25,15.25,15.22,15.23,15.23,140568,0.0
2024-09-03,15.19,15.19,15.11,15.13,15.13,1722798,0.0
2024-09-04,15.14,15.3,15.14,15.29,15.29,758711,0.0
2024-09-05,15.24,15.49,15.24,15.37,15.37,1276214,0.0
2024-09-06,15.36,15.67,15.14,15.41,15.41,195300,0.0
2024-09-09,15.38,15.96,15.3,15.63,15.63,486400,0.0
2024-09-10,15.61,16.36,15.61,16.21,16.21,1383498,0.0
2024-09-11,16.25,16.3,15.95,16.12,16.12,1737944,0.0
2024-09-12,16.09,16.11,16.03,16.07,16.07,4053685,0.0
2024-09-13,16.09,16.09,15.83,15.9,15.9,3578419,0.0
2024-09-16,15.88,16.03,15.88,16.02,16.02,643509,0.0
2024-09-17,16.02,16.08,16.02,16.07,16.07,1040919,0.0
2024-09-18,16.09,16.48,16.09,16.32,16.32,2389232,0.0
2024-09-19,16.35,16.81,16.35,16.6,16.6,57559,0.0
2024-09-20,16.63,16.63,16.16,16.27,16.27,229190,0.0
2024-09-23,16.27,16.44,16.08,16.26,16.26,2381634,0.0
2024-09-24,16.21,16.52,16.21,16.43,16.43,4304141,0.0
2024-09-25,16.45,16.71,16.04,16.37,16.37,4135930,0.0
2024-09-26,16.38,16.39,16.1,16.24,16.24,1561667,0.0
2024-09-27,16.25,16.49,16.19,16.34,16.34,1979850,0.0
2024-09-30,16.32,17.06,16.32,16.85,16.85,1147181,0.0
2024-10-01,16.91,17.19,16.6,16.89,16.89,1502832,0.0
2024-10-02,16.89,17.3,16.27,16.78,16.78,3189548,0.0
2024-10-03,16.76,17.34,16.76,17.29,17.29,4708206,0.0
2024-10-04,17.27,17.53,17.27,17.42,17.42,4465719,0.0
2024-10-07,17.37,17.87,17.36,17.61,17.61,3609379,0.0
2024-10-08,17.68,17.68,17.1,17.17,17.17,4099988,0.0
2024-10-09,17.12,17.13,16.76,16.94,16.94,2319253,0.0
2024-10-11,17.01,17.62,17.01,17.4,17.4,2360682,0.0
2024-10-14,17.42,17.93,17.42,17.75,17.75,987631,0.0
2024-10-15,17.7,17.7,17.27,17.41,17.41,319640,0.0
2024-10-16,17.44,17.66,17.3,17.48,17.48,4922959,0.0
2024-10-17,17.53,17.99,17.53,17.97,17.97,2060453,0.0
2024-10-18,18.01,18.6,18.01,18.34,18.34,2400139,0.0
2024-10-22,18.38,18.65,18.36,18.51,18.51,4528660,0.0
2024-10-23,18.52,18.82,18.08,18.45,18.45,1339277,0.0
2024-10-24,18.4,18.69,18.24,18.47,18.47,4179188,0.0
2024-10-25,18.56,18.85,18.56,18.77,18.77,3807359,0.0
2024-10-28,18.73,19.38,18.73,19.13,19.13,4755851,0.0
2024-10-29,19.14,19.29,18.84,19.06,19.06,2251685,0.0
2024-10-30,19.08,19.08,18.36,18.39,18.39,2956308,0.0
2024-10-31,18.42,18.5,18.21,18.36,18.36,3328977,0.0
2024-11-01,18.38,18.38,18.12,18.21,18.21,4566127,0.0
2024-11-04,18.23,18.35,17.81,18.08,18.08,2302611,0.0
2024-11-05,18.08,18.85,18.08,18.6,18.6,1175540,0.0
2024-11-06,18.61,18.68,18.13,18.4,18.4,820954,0.0
2024-11-07,18.43,18.5,18.07,18.28,18.28,1496419,0.0
2024-11-08,18.26,18.72,18.26,18.6,18.6,921261,0.0
2024-11-11,18.57,18.57,17.82,18.08,18.08,1211969,0.0
2024-11-12,18.12,18.12,17.91,17.96,17.96,4292920,0.0
2024-11-13,17.94,17.94,17.36,17.39,17.39,1485856,0.0
2024-11-14,17.45,17.45,17.27,17.29,17.29,1010703,0.0
2024-11-15,17.29,17.54,17.29,17.52,17.52,1430826,0.0
2024-11-18,17.48,17.52,17.24,17.38,17.38,4806187,0.0
2024-11-19,17.4,17.77,17.4,17.71,17.71,1120370,0.0
2024-11-20,17.69,17.69,17.08,17.3,17.3,3285563,0.0
2024-11-21,17.26,17.26,16.99,17.04,17.04,4198705,0.0
2024-11-22,17.01,17.3,16.85,17.07,17.07,3510126,0.0
2024-11-25,17.06,17.32,17.06,17.29,17.29,2913629,0.0
2024-11-26,17.25,17.38,17.19,17.29,17.29,332736,0.0
2024-11-27,17.32,17.33,17.1,17.21,17.21,2774758,0.0
2024-11-28,17.21,17.37,17.12,17.25,17.25,2068727,0.0
2024-11-29,17.26,17.27,16.96,17.11,17.11,3156363,0.0
2024-12-02,17.12,17.82,17.12,17.55,17.55,767890,0.0
2024-12-03,17.51,18.3,17.49,17.9,17.9,504702,0.0
2024-12-04,17.88,17.88,17.69,17.75,17.75,1103728,0.0
2024-12-05,17.77,17.94,17.38,17.66,17.66,307626,0.0
2024-12-06,17.63,17.63,16.84,17.13,17.13,858112,0.0
2024-12-09,17.06,17.54,17.06,17.47,17.47,4475168,0.0
2024-12-10,17.48,17.65,17.16,17.4,17.4,4040207,0.0
2024-12-11,17.41,17.81,17.41,17.63,17.63,1722266,0.0
2024-12-13,17.63,17.63,17.34,17.4,17.4,2609605,0.0
2024-12-16,17.41,17.41,17.22,17.28,17.28,2483495,0.0
2024-12-17,17.25,17.54,17.25,17.45,17.45,1113005,0.0
2024-12-18,17.46,17.67,17.46,17.61,17.61,3137025,0.0
2024-12-19,17.62,17.65,17.57,17.61,17.61,2210021,0.0
2024-12-20,17.62,17.62,17.19,17.4,17.4,3517624,0.0
2024-12-23,17.37,17.89,17.2,17.54,17.54,2546949,0.0
2024-12-24,17.51,17.95,17.47,17.71,17.71,1259045,0.0
2024-12-27,17.72,18.24,17.72,18.18,18.18,1789962,0.0
2024-12-30,18.18,18.5,17.64,18.07,18.07,304219,0.0
2024-12-31,18.12,18.12,17.71,17.83,17.83,2888795,0.0
2025-01-02,17.83,18.15,17.79,17.97,17.97,2840112,0.0
2025-01-03,17.98,17.98,17.24,17.48,17.48,1967781,0.0
2025-01-06,17.45,17.45,17.07,17.25,17.25,3067005,0.0
2025-01-07,17.19,17.89,17.19,17.66,17.66,4156758,0.0
2025-01-08,17.63,17.63,17.23,17.4,17.4,2991476,0.0
2025-01-09,17.4,18.16,17.4,17.93,17.93,4341188,0.0
2025-01-10,17.96,17.96,17.57,17.66,17.66,4857682,0.0
2025-01-13,17.71,17.76,17.14,17.45,17.45,4797074,0.0
2025-01-14,17.47,17.47,17.13,17.21,17.21,2663073,0.0
2025-01-15,17.22,17.48,17.22,17.42,17.42,1721304,0.0
2025-01-16,17.43,17.79,17.17,17.48,17.48,3682429,0.0
2025-01-17,17.45,18.31,17.45,17.97,17.97,1947863,0.0
2025-01-20,18.0,18.06,17.76,17.91,17.91,550062,0.0
2025-01-21,17.95,18.08,17.95,18.07,18.07,2288293,0.0
2025-01-22,18.1,18.1,17.76,17.85,17.85,3241427,0.0
2025-01-23,17.89,18.19,17.86,18.03,18.03,169017,0.0
2025-01-24,18.0,18.0,17.8,17.85,17.85,3212745,0.0
2025-01-27,17.83,17.83,17.34,17.46,17.46,1973293,0.0
2025-01-28,17.49,17.52,17.48,17.5,17.5,4495843,0.0
2025-01-29,17.51,17.65,17.11,17.38,17.38,3729899,0.0
2025-01-30,17.37,17.5,16.91,17.21,17.21,671841,0.0
2025-01-31,17.21,17.21,16.62,16.83,16.83,1662979,0.0
2025-02-03,16.86,17.12,16.86,17.03,17.03,3523756,0.0
2025-02-04,17.02,17.02,16.74,16.83,16.83,2918148,0.0
2025-02-05,16.84,16.86,16.59,16.73,16.73,2282054,0.0
2025-02-06,16.79,16.8,16.65,16.72,16.72,3875395,0.0
2025-02-07,16.71,17.06,16.66,16.86,16.86,1679477,0.0
2025-02-10,16.87,17.16,16.78,16.97,16.97,3182880,0.0
2025-02-11,16.96,17.2,16.55,16.88,16.88,431542,0.0
2025-02-12,16.86,17.2,16.74,16.97,16.97,3326578,0.0
2025-02-13,16.95,17.38,16.93,17.16,17.16,4878608,0.0
2025-02-14,17.11,17.11,16.68,16.79,16.79,339442,0.0
2025-02-17,16.8,17.47,16.8,17.28,17.28,3781425,0.0
2025-02-18,17.29,17.5,16.97,17.23,17.23,788388,0.0
2025-02-19,17.23,17.26,17.1,17.18,17.18,1857721,0.0
2025-02-20,17.19,17.7,17.19,17.58,17.58,4924465,0.0
2025-02-21,17.62,18.07,17.62,17.9,17.9,3356026,0.0
2025-02-24,17.9,18.25,17.9,18.18,18.18,1609941,0.0
2025-02-25,18.19,18.62,18.19,18.45,18.45,354749,0.0
2025-02-26,18.47,18.85,18.43,18.64,18.64,3559862,0.0
2025-02-27,18.64,18.8,18.15,18.48,18.48,2757523,0.0
2025-02-28,18.47,18.79,18.47,18.69,18.69,4191811,0.0
2025-03-03,18.65,18.91,18.43,18.67,18.67,2996371,0.0
2025-03-04,18.63,18.82,18.01,18.42,18.42,2953082,0.0
2025-03-05,18.41,18.54,18.41,18.52,18.52,802825,0.0
2025-03-06,18.53,19.19,18.4,18.79,18.79,2781352,0.0
2025-03-07,18.79,18.84,18.57,18.71,18.71,1416606,0.0
2025-03-10,18.72,19.03,18.3,18.66,18.66,1491987,0.0
2025-03-11,18.64,19.15,18.64,19.09,19.09,2838598,0.0
2025-03-12,19.08,19.08,18.13,18.55,18.55,2052433,0.0
2025-03-13,18.53,19.07,18.53,18.83,18.83,1886728,0.0
2025-03-14,18.79,19.2,18.79,18.99,18.99,4174347,0.0
2025-03-17,18.95,18.95,18.75,18.8,18.8,4697820,0.0
2025-03-18,18.81,18.81,18.61,18.68,18.68,4164516,0.0
2025-03-19,18.68,18.99,18.68,18.89,18.89,4652450,0.0
2025-03-20,18.94,19.28,18.94,19.19,19.19,4971304,0.0
2025-03-21,19.21,19.3,18.95,19.13,19.13,575797,0.0
2025-03-24,19.1,19.41,19.1,19.33,19.33,2954269,0.0
2025-03-25,19.39,19.39,18.9,18.97,18.97,774136,0.0
2025-03-26,18.93,19.52,18.93,19.36,19.36,1572246,0.0
2025-03-27,19.36,19.81,19.36,19.63,19.63,3131619,0.0
2025-03-28,19.69,19.93,19.56,19.74,19.74,885174,0.0
2025-03-31,19.67,19.67,19.15,19.23,19.23,1075990,0.0
2025-04-01,19.18,19.97,19.18,19.9,19.9,2179099,0.0
2025-04-02,19.86,19.93,19.86,19.92,19.92,352369,0.0
2025-04-03,19.92,20.44,19.92,20.26,20.26,3666424,0.0
2025-04-04,20.3,20.3,19.87,19.92,19.92,4780409,0.0
2025-04-07,19.87,19.94,19.61,19.78,19.78,490066,0.0
2025-04-08,19.85,19.85,19.2,19.47,19.47,4689762,0.0
2025-04-09,19.46,19.95,19.3,19.63,19.63,2520353,0.0
2025-04-10,19.68,19.68,19.13,19.25,19.25,916382,0.0
2025-04-11,19.24,19.93,19.24,19.76,19.76,431646,0.0
2025-04-14,19.76,19.76,19.23,19.43,19.43,625898,0.0
2025-04-15,19.48,20.15,18.95,19.55,19.55,199268,0.0
2025-04-16,19.56,19.87,19.56,19.84,19.84,601489,0.0
2025-04-17,19.89,19.96,19.76,19.86,19.86,87429,0.0
2025-04-22,19.95,20.38,19.95,20.19,20.19,1858338,0.0
2025-04-23,20.11,20.59,20.11,20.35,20.35,4424919,0.0
2025-04-24,20.31,21.13,20.31,20.9,20.9,4072149,0.0
2025-04-25,20.91,20.91,20.63,20.74,20.74,1921566,0.0
2025-04-28,20.72,20.72,20.46,20.47,20.47,3339028,0.0
2025-04-29,20.49,21.0,20.49,20.81,20.81,833739,0.0
2025-04-30,20.76,21.73,20.5,21.11,21.11,4229786,0.0
2025-05-02,21.17,21.17,20.97,20.98,20.98,1278904,0.0
2025-05-05,20.91,21.2,20.66,20.93,20.93,2049377,0.0
2025-05-06,20.95,21.03,20.8,20.92,20.92,1630958,0.0
2025-05-07,20.92,20.92,20.09,20.47,20.47,1303929,0.0
2025-05-08,20.44,21.45,20.44,20.97,20.97,898681,0.0
2025-05-09,21.01,21.01,20.6,20.79,20.79,3947569,0.0
2025-05-12,20.83,21.18,20.53,20.85,20.85,4583376,0.0
2025-05-13,20.87,20.98,20.81,20.89,20.89,3399253,0.0
2025-05-14,20.89,20.89,20.37,20.44,20.44,2902623,0.0
2025-05-15,20.48,21.23,20.48,21.17,21.17,4285638,0.0
2025-05-16,21.11,21.15,20.43,20.79,20.79,3703239,0.0
2025-05-19,20.8,20.8,20.42,20.45,20.45,2457809,0.0
2025-05-20,20.49,20.49,20.19,20.23,20.23,1935665,0.0
2025-05-21,20.27,20.27,19.98,20.04,20.04,1716195,0.0
2025-05-22,20.06,20.06,19.64,19.84,19.84,2630546,0.0
2025-05-23,19.88,20.35,19.88,20.19,20.19,4563661,0.0
2025-05-26,20.21,20.51,20.21,20.39,20.39,991171,0.0
2025-05-27,20.41,20.41,19.9,20.02,20.02,2475645,0.0
2025-05-28,20.03,20.29,19.53,19.91,19.91,1525563,0.0
2025-05-29,19.95,19.95,19.28,19.3,19.3,3140289,0.0
2025-05-30,19.24,19.56,19.24,19.52,19.52,4151502,0.0
2025-06-02,19.54,19.66,19.4,19.53,19.53,4927257,0.0
2025-06-03,19.52,19.52,18.73,19.02,19.02,873563,0.0
2025-06-04,19.06,19.08,18.66,18.87,18.87,1717312,0.0
2025-06-05,18.89,18.89,18.37,18.57,18.57,111711,0.0
2025-06-06,18.63,19.04,18.63,19.03,19.03,1184330,0.0
2025-06-09,19.01,19.01,18.75,18.85,18.85,2256958,0.0
2025-06-10,18.8,18.8,18.54,18.59,18.59,2647931,0.0
2025-06-11,18.55,18.71,18.55,18.65,18.65,4196616,0.0
2025-06-12,18.65,18.85,18.23,18.54,18.54,3682262,0.0
2025-06-13,18.59,18.73,18.59,18.67,18.67,1728955,0.0
2025-06-16,18.71,18.79,18.35,18.57,18.57,391645,0.0
2025-06-17,18.58,18.96,18.58,18.83,18.83,1458602,0.0
2025-06-18,18.86,19.34,18.81,19.07,19.07,3602344,0.0
2025-06-19,19.08,19.08,18.66,18.74,18.74,2807691,0.0
2025-06-20,18.73,18.74,18.16,18.45,18.45,2448059,0.0
2025-06-23,18.5,18.5,18.18,18.26,18.26,796610,0.0
2025-06-24,18.26,18.8,18.26,18.58,18.58,416866,0.0
2025-06-25,18.61,19.05,18.61,18.99,18.99,564648,0.0
2025-06-26,19.0,19.96,18.94,19.45,19.45,4643660,0.0
2025-06-27,19.49,19.55,19.19,19.37,19.37,4103588,0.0
2025-06-30,19.37,19.75,19.37,19.63,19.63,3201412,0.0
2025-07-01,19.7,20.38,19.63,20.0,20.0,4163669,0.0
2025-07-02,20.02,20.02,19.41,19.67,19.67,4806877,0.0
2025-07-03,19.69,19.76,19.54,19.65,19.65,1533566,0.0
2025-07-04,19.68,19.68,19.26,19.3,19.3,3943305,0.0
2025-07-07,19.3,19.65,19.3,19.65,19.65,813728,0.0
2025-07-08,19.63,19.9,19.26,19.58,19.58,4450997,0.0
2025-07-09,19.61,20.08,19.28,19.68,19.68,242128,0.0
2025-07-10,19.71,19.87,19.64,19.75,19.75,1568693,0.0
2025-07-11,19.72,19.99,19.71,19.85,19.85,2043288,0.0
2025-07-14,19.88,20.39,19.88,20.34,20.34,140832,0.0
2025-07-15,20.31,20.39,20.08,20.24,20.24,318421,0.0
2025-07-16,20.22,20.22,19.85,19.96,19.96,2577985,0.0
2025-07-17,19.97,20.26,19.97,20.14,20.14,2847403,0.0
2025-07-18,20.07,20.3,19.91,20.1,20.1,4369643,0.0
2025-07-21,20.13,20.3,20.13,20.23,20.23,2095529,0.0
2025-07-22,20.15,20.16,19.9,20.03,20.03,3558077,0.0
2025-07-23,20.02,20.02,19.36,19.67,19.67,2836933,0.0
2025-07-24,19.7,20.01,19.58,19.8,19.8,105664,0.0
2025-07-25,19.79,20.66,19.79,20.24,20.24,4775407,0.0
2025-07-28,20.19,20.86,20.1,20.48,20.48,575081,0.0
2025-07-29,20.48,20.79,20.44,20.62,20.62,844762,0.0
2025-07-30,20.66,20.66,20.12,20.3,20.3,1246383,0.0
2025-07-31,20.33,20.6,20.29,20.44,20.44,3048529,0.0
2025-08-01,20.46,21.29,20.01,20.65,20.65,904662,0.0
2025-08-04,20.64,20.68,20.54,20.61,20.61,3032285,0.0
2025-08-05,20.65,21.15,20.65,20.95,20.95,864796,0.0
2025-08-06,21.01,21.01,20.47,20.59,20.59,1930548,0.0
2025-08-07,20.67,20.71,20.46,20.58,20.58,865848,0.0
2025-08-08,20.66,20.94,20.11,20.52,20.52,4221003,0.0
2025-08-11,20.51,21.2,20.49,20.84,20.84,1753137,0.0
2025-08-12,20.88,20.97,20.56,20.77,20.77,318316,0.0
2025-08-13,20.81,21.42,20.81,21.2,21.2,623477,0.0
2025-08-14,21.14,21.27,21.14,21.21,21.21,3312009,0.0
2025-08-15,21.2,21.2,21.01,21.06,21.06,1336907,0.0
2025-08-18,21.02,21.19,20.1,20.65,20.65,2255994,0.0
2025-08-19,20.64,20.89,19.79,20.34,20.34,888240,0.0
2025-08-20,20.34,20.34,19.35,19.35,19.35,999576,0.0
2025-08-21,19.36,19.36,19.13,19.22,19.22,834184,0.0
2025-08-22,19.24,19.67,19.0,19.34,19.34,3883403,0.0
2025-08-25,19.39,20.4,19.39,20.09,20.09,3288157,0.0
2025-08-26,20.14,20.14,19.72,19.85,19.85,4881888,0.0
2025-08-27,19.79,19.79,19.7,19.74,19.74,3134375,0.0
2025-08-28,19.74,20.31,19.74,20.07,20.07,2887302,0.0
2025-08-29,20.03,20.29,20.03,20.21,20.21,148046,0.0
2025-09-01,20.21,20.21,19.81,19.89,19.89,3048862,0.0
2025-09-02,19.88,20.1,19.73,19.92,19.92,3530870,0.0
2025-09-03,19.95,19.95,19.54,19.55,19.55,4077637,0.0
2025-09-04,19.57,19.68,19.56,19.62,19.62,4620618,0.0
2025-09-05,19.56,19.69,19.52,19.61,19.61,4062933,0.0
2025-09-08,19.58,19.81,19.58,19.72,19.72,795214,0.0
2025-09-09,19.69,19.69,19.68,19.68,19.68,3678882,0.0
2025-09-10,19.65,19.65,18.7,18.98,18.98,567583,0.0
2025-09-11,18.95,19.2,18.79,18.99,18.99,3561070,0.0
2025-09-12,18.97,18.97,18.81,18.83,18.83,779956,0.0
2025-09-15,18.83,19.06,18.83,19.03,19.03,3146787,0.0
2025-09-16,19.04,19.04,18.5,18.73,18.73,1676897,0.0
2025-09-17,18.73,18.73,18.15,18.2,18.2,4879608,0.0
2025-09-18,18.21,18.21,17.69,17.87,17.87,3911511,0.0
2025-09-19,17.88,17.95,17.2,17.58,17.58,1875739,0.0
2025-09-22,17.62,18.42,17.61,18.01,18.01,2812449,0.0
2025-09-23,17.93,18.44,17.7,18.07,18.07,2141623,0.0
2025-09-24,18.1,18.44,17.95,18.2,18.2,4556161,0.0
2025-09-25,18.12,18.68,18.12,18.53,18.53,2096628,0.0
2025-09-26,18.62,18.75,18.5,18.62,18.62,1782952,0.0
2025-09-29,18.59,18.59,18.47,18.53,18.53,753400,0.0
2025-09-30,18.44,19.03,18.44,18.77,18.77,822896,0.0
2025-10-01,18.8,18.95,18.67,18.81,18.81,2804233,0.0
2025-10-02,18.85,19.36,18.85,19.29,19.29,2471994,0.0
2025-10-03,19.34,19.34,19.05,19.15,19.15,2189663,0.0
2025-10-06,19.14,19.59,19.05,19.32,19.32,4747598,0.0
2025-10-07,19.38,19.73,19.34,19.53,19.53,3206291,0.0
2025-10-08,19.54,19.54,19.28,19.38,19.38,835041,0.0
2025-10-09,19.36,19.36,18.8,18.9,18.9,2949411,0.0
2025-10-13,18.86,18.86,18.53,18.57,18.57,3651895,0.0
2025-10-14,18.6,18.65,18.56,18.6,18.6,4322845,0.0
2025-10-15,18.64,19.09,18.64,19.04,19.04,1135099,0.0
2025-10-16,18.99,18.99,18.91,18.93,18.93,2422127,0.0
2025-10-17,18.88,18.94,18.78,18.86,18.86,2889874,0.0
2025-10-21,18.93,18.93,18.69,18.72,18.72,694574,0.0
2025-10-22,18.69,19.19,18.69,19.18,19.18,850180,0.0
2025-10-23,19.21,19.64,18.47,19.05,19.05,3232853,0.0
2025-10-24,19.07,19.07,18.8,18.83,18.83,4554211,0.0
2025-10-27,18.82,18.82,18.62,18.72,18.72,4929891,0.0
2025-10-28,18.79,19.26,18.73,18.99,18.99,1485573,0.0
2025-10-29,18.97,19.24,18.75,18.99,18.99,249277,0.0
2025-10-30,19.01,19.01,18.38,18.59,18.59,2167288,0.0
2025-10-31,18.58,18.98,18.41,18.7,18.7,793091,0.0
2025-11-03,18.62,18.82,18.26,18.54,18.54,3350581,0.0
2025-11-04,18.56,18.56,17.74,17.95,17.95,820853,0.0
2025-11-05,17.97,18.32,17.96,18.14,18.14,4993588,0.0
2025-11-06,18.16,18.16,17.44,17.52,17.52,2184626,0.0
2025-11-07,17.5,17.6,17.28,17.44,17.44,1685782,0.0
2025-11-10,17.46,17.8,17.43,17.61,17.61,2567113,0.0
2025-11-11,17.63,17.63,17.19,17.22,17.22,1748089,0.0
2025-11-12,17.2,17.44,16.92,17.18,17.18,2873424,0.0
2025-11-13,17.15,17.4,17.12,17.26,17.26,2999036,0.0
2025-11-14,17.26,17.26,16.57,16.69,16.69,2838376,0.0
2025-11-17,16.73,17.07,16.73,16.92,16.92,2125101,0.0
2025-11-18,16.92,16.92,16.42,16.63,16.63,3080887,0.0
2025-11-19,16.64,17.02,16.64,17.02,17.02,1930062,0.0
2025-11-20,17.01,17.36,16.89,17.12,17.12,1942614,0.0
2025-11-21,17.06,17.06,16.82,16.83,16.83,4872099,0.0
2025-11-24,16.79,16.79,16.47,16.53,16.53,2905336,0.0
2025-11-25,16.52,16.68,16.35,16.51,16.51,3701584,0.0
2025-11-26,16.5,16.53,16.32,16.43,16.43,1680969,0.0
2025-11-27,16.44,16.66,16.18,16.42,16.42,2196602,0.0
2025-11-28,16.43,16.43,16.12,16.18,16.18,2672442,0.0
2025-12-01,16.19,16.19,15.85,15.98,15.98,4591595,0.0
2025-12-02,15.97,15.97,15.71,15.81,15.81,433926,0.0
2025-12-03,15.78,15.78,15.52,15.62,15.62,1492174,0.0
2025-12-04,15.58,15.93,15.57,15.75,15.75,3779664,0.0
2025-12-05,15.72,16.04,15.72,16.0,16.0,2659429,0.0
2025-12-08,16.0,16.09,16.0,16.08,16.08,212019,0.0
2025-12-09,16.05,16.1,15.08,15.59,15.59,3442217,0.0
2025-12-10,15.56,15.82,15.56,15.78,15.78,3124090,0.0
2025-12-11,15.81,16.04,15.78,15.91,15.91,4706133,0.0
2025-12-15,15.91,15.97,15.91,15.97,15.97,4324950,0.0
2025-12-16,15.94,16.19,15.8,15.99,15.99,684141,0.0
2025-12-17,16.01,16.26,16.01,16.2,16.2,907807,0.0
2025-12-18,16.2,16.66,16.2,16.57,16.57,3789911,0.0
2025-12-19,16.59,16.59,16.3,16.31,16.31,344669,0.0
2025-12-22,16.31,16.61,16.24,16.43,16.43,4179953,0.0
2025-12-23,16.38,16.38,16.02,16.17,16.17,2358779,0.0
2025-12-24,16.16,16.85,16.16,16.6,16.6,809150,0.0
2025-12-29,16.59,16.59,16.11,16.25,16.25,3296638,0.0
2025-12-30,16.25,16.67,16.25,16.52,16.52,2919486,0.0
2025-12-31,16.48,16.83,16.44,16.64,16.64,4553307,0.0
